month,GEOID,county,gridmet_gdd_std,nldas3_gdd_std
1,01027,Clay,21.72211801421323,25.455257890236318
1,01091,Marengo,33.24351407901361,35.58679948523699
1,01049,DeKalb,18.918170085059874,20.219437707051586
1,01019,Cherokee,20.999584764650564,23.634815950920245
1,01065,Hale,32.23548095382332,33.68329910714286
1,01105,Perry,31.579336339060685,33.55639902221934
1,01033,Colbert,22.094283353382203,20.959883720930232
1,01063,Greene,31.686323570559,33.271525660569104
1,01013,Butler,34.10383780377743,36.120654997525975
1,01081,Lee,25.26731924270903,29.872360899390245
1,01097,Mobile,37.87677580444853,39.74859289721043
1,01057,Fayette,26.17603107440255,28.682302601979604
1,01017,Chambers,24.329727737217365,28.01826036412358
1,01125,Tuscaloosa,29.16499627283801,30.681700211864406
1,01131,Wilcox,32.330396243675175,35.787584548028526
1,01095,Marshall,21.453044293568116,21.47149825276645
1,01053,Escambia,35.43303033896597,39.0357543361244
1,01083,Limestone,21.613290304442994,20.813469468825666
1,01009,Blount,22.89419834435645,26.067458017144464
1,01099,Monroe,34.0771267129944,37.3380842039571
1,01093,Marion,23.30715840116512,26.12044825050075
1,01085,Lowndes,31.795651008510827,34.80180791884817
1,01037,Coosa,26.919462941405072,28.93781779661017
1,01109,Pike,33.35652388388565,34.9988417770575
1,01119,Sumter,33.432671085968266,33.96019646838265
1,01133,Winston,22.818193658006322,24.170384457236842
1,01121,Talladega,26.031837449815058,28.249831070821184
1,01071,Jackson,17.13590572519193,19.611798093677397
1,01003,Baldwin,38.463841102594564,40.69938395539635
1,01011,Bullock,30.455899992237615,34.18587711352657
1,01001,Autauga,28.873454959042405,31.661080074487895
1,01087,Macon,27.60058143713328,33.42412777264325
1,01115,St. Clair,24.5919380064205,26.79071413590604
1,01023,Choctaw,35.73992076631987,35.842802348889805
1,01043,Cullman,22.90812849177451,25.088124243341404
1,01117,Shelby,28.859597456233715,29.154989224137932
1,01047,Dallas,30.987606505317306,34.332170230885694
1,01107,Pickens,30.597474863861084,30.979769247128882
1,01077,Lauderdale,20.395521169479167,19.09994447969543
1,01029,Cleburne,21.16649617824474,24.262181164159582
1,01005,Barbour,31.508984861875046,33.583582236842105
1,01061,Geneva,34.83083092947618,37.15831816677697
1,01045,Dale,34.060342893787606,35.51871056446112
1,01123,Tallapoosa,25.76659653529658,28.19903606965174
1,01025,Clarke,35.2406445171783,37.05594324864294
1,01069,Houston,35.072600533226684,36.48296009771987
1,01129,Washington,36.480650492912396,38.446012085265785
1,01089,Madison,20.47935656493496,22.438109473358814
1,01041,Crenshaw,34.94248118947359,35.61824422807836
1,01015,Calhoun,22.76490614989021,26.89598087155276
1,01079,Lawrence,21.897805970554256,22.72660679768041
1,01103,Morgan,23.21110441045933,23.424868350246
1,01075,Lamar,27.336539510331093,28.99998546060794
1,01113,Russell,27.016635532186292,33.601065176504626
1,01059,Franklin,21.64324438526545,23.78479785776111
1,01035,Conecuh,34.295723373059836,37.287927683840216
1,01051,Elmore,28.463160011475328,30.485538047316386
1,01073,Jefferson,27.816537602437382,28.744412529352566
1,01127,Walker,24.93358884764087,28.63686773255814
1,01111,Randolph,22.319093073770098,25.400725909380984
1,01101,Montgomery,33.027215227839754,34.59775395233601
1,01007,Bibb,30.57980612557629,31.688336886594854
1,01055,Etowah,21.91314109446606,25.819107768691588
1,01021,Chilton,28.78379724434038,30.375548320184983
1,01031,Coffee,34.55795151121206,36.18993442681532
1,01039,Covington,34.39627952292224,37.359438775510206
1,01067,Henry,32.11927981021853,33.887205387205384
2,01027,Clay,25.883487387865404,31.631291783271145
2,01091,Marengo,34.660094131707176,39.74420891608391
2,01049,DeKalb,22.560490294093665,24.599872811168954
2,01019,Cherokee,24.45748642839346,26.726418711656443
2,01065,Hale,32.975746022779916,36.721669642857144
2,01105,Perry,33.1411248583201,37.45098508965697
2,01033,Colbert,24.493585262642874,26.03671647892442
2,01063,Greene,32.97039477054443,35.753108062330625
2,01013,Butler,44.788546679621355,42.3080235650668
2,01081,Lee,32.41873854718315,37.19871855945122
2,01097,Mobile,47.523333007664554,43.00668966040024
2,01057,Fayette,26.987046666911986,30.6164587395021
2,01017,Chambers,30.782793593357198,35.44691095917402
2,01125,Tuscaloosa,29.32841261863593,32.89503884180791
2,01131,Wilcox,38.59436843238443,40.77871683619966
2,01095,Marshall,24.434572548359228,25.35327333284799
2,01053,Escambia,46.10830155200669,44.52089874900319
2,01083,Limestone,23.143879654337223,25.997394256961257
2,01009,Blount,24.30829250562033,29.248801117200674
2,01099,Monroe,43.741148836640924,42.95489610299556
2,01093,Marion,24.666209923983914,28.85209063595393
2,01085,Lowndes,39.4865362843295,40.412622709424085
2,01037,Coosa,29.11252081052373,34.922179555084746
2,01109,Pike,40.20645402180893,40.80592499295378
2,01119,Sumter,33.39189858692464,36.77758284353466
2,01133,Winston,23.614978663633472,27.122696433911482
2,01121,Talladega,27.754492771034254,32.500413781584065
2,01071,Jackson,21.801243886505425,23.906773771988053
2,01003,Baldwin,46.79138480291023,43.82169011439797
2,01011,Bullock,37.78023488643593,39.83680555555556
2,01001,Autauga,34.480657127145285,37.16558523432651
2,01087,Macon,34.85317241232871,39.79768609442391
2,01115,St. Clair,25.606660345591173,29.832760940995527
2,01023,Choctaw,36.051491398832496,40.38581928453947
2,01043,Cullman,24.407759475277327,28.177496973365617
2,01117,Shelby,28.602481046786078,32.621896551724134
2,01047,Dallas,35.61491451935193,39.01214160673732
2,01107,Pickens,32.27454697159341,32.974266269672476
2,01077,Lauderdale,23.683789058910943,25.39290133248731
2,01029,Cleburne,24.143272203499752,29.61476301913015
2,01005,Barbour,40.292564593890724,39.11178289473684
2,01061,Geneva,44.492489303820726,42.33886654119788
2,01045,Dale,41.32811899814672,41.405674454297404
2,01123,Tallapoosa,30.112525144413624,34.94411924751244
2,01025,Clarke,40.67464337862286,42.328073167973464
2,01069,Houston,43.92080453841002,41.877722923452765
2,01129,Washington,41.76146012453257,43.506446775775956
2,01089,Madison,22.569385383414126,27.0824176596223
2,01041,Crenshaw,42.14153710631193,41.63064560012438
2,01015,Calhoun,25.768961321569336,30.884606377398082
2,01079,Lawrence,24.133766498015696,26.441317654639175
2,01103,Morgan,24.092571080432556,27.080500941728168
2,01075,Lamar,28.790214952579035,31.04141303504963
2,01113,Russell,35.23965396947557,39.721932870370374
2,01059,Franklin,23.814385855470388,27.64405113964224
2,01035,Conecuh,46.095076014990134,43.59015759759419
2,01051,Elmore,34.39480658851096,36.576783192090396
2,01073,Jefferson,27.164662479890335,31.286229453203624
2,01127,Walker,25.496923748611305,30.524781976744187
2,01111,Randolph,26.976527716673466,31.825233328015315
2,01101,Montgomery,40.445226509819676,40.40837364322794
2,01007,Bibb,31.336613831951116,34.995843619090365
2,01055,Etowah,24.950902316127127,29.162093729138853
2,01021,Chilton,31.05262289989707,35.048860004080524
2,01031,Coffee,41.88195427064029,42.07172848770726
2,01039,Covington,45.991017898308016,42.9795396567718
2,01067,Henry,40.76267730561464,39.478438026094274
3,01027,Clay,34.24554662545144,33.686960704291046
3,01091,Marengo,39.045630724016696,39.17179912101787
3,01049,DeKalb,28.254194387417815,26.80216221012778
3,01019,Cherokee,30.688490616780257,28.614781441717792
3,01065,Hale,36.82780161232631,37.947696428571426
3,01105,Perry,37.14770320418439,38.17344237266112
3,01033,Colbert,26.646597994906326,26.91920875726744
3,01063,Greene,36.65459852398549,37.54099762872629
3,01013,Butler,42.37524593684809,40.487819303562596
3,01081,Lee,35.10397490463248,37.67935403963415
3,01097,Mobile,40.7765147908318,38.069310472255914
3,01057,Fayette,31.96676026024337,32.62104922765447
3,01017,Chambers,32.95099941396938,36.24199538934426
3,01125,Tuscaloosa,34.723453877391805,34.89499249646892
3,01131,Wilcox,39.36002414342078,38.56385670092282
3,01095,Marshall,29.271058240982565,26.35649479470006
3,01053,Escambia,43.17351413125684,42.369464588317385
3,01083,Limestone,28.328621887030693,26.61790396110775
3,01009,Blount,32.53282107985882,30.192304314221474
3,01099,Monroe,42.25750808525778,40.15310650887574
3,01093,Marion,30.220794535321353,30.641919911116673
3,01085,Lowndes,39.90135659261506,38.833262434554975
3,01037,Coosa,36.31497097323412,35.850520833333334
3,01109,Pike,41.9021675915351,41.273507962232244
3,01119,Sumter,39.18700861467389,38.07987307458452
3,01133,Winston,30.055723290647567,28.529287529904305
3,01121,Talladega,35.882056605173084,33.69599960519922
3,01071,Jackson,28.564288788336142,25.840941856123465
3,01003,Baldwin,41.2192804222758,38.74681866766813
3,01011,Bullock,41.421932768529814,40.71056951992754
3,01001,Autauga,38.239130329245285,36.94366610412787
3,01087,Macon,39.73701956754293,39.27582746072089
3,01115,St. Clair,34.37157430972599,31.173037262304252
3,01023,Choctaw,41.402456343846545,39.049631219161185
3,01043,Cullman,31.74511609332377,29.09157460653753
3,01117,Shelby,35.71653505121887,34.15141522988506
3,01047,Dallas,38.11124685237389,38.25538477006056
3,01107,Pickens,35.19934474919931,34.95151664185453
3,01077,Lauderdale,26.813779292608043,25.90533589784264
3,01029,Cleburne,32.61007380621844,31.975888039568346
3,01005,Barbour,40.79175609515,40.190342105263156
3,01061,Geneva,42.78302340126929,42.73626737260093
3,01045,Dale,42.80254666635482,42.04353630201228
3,01123,Tallapoosa,35.42575615558237,35.14607820273632
3,01025,Clarke,41.35472622104973,39.28807769149578
3,01069,Houston,41.575756503333054,42.06161441368078
3,01129,Washington,43.08543305798578,39.56304907688191
3,01089,Madison,28.663107468876206,28.271872541029676
3,01041,Crenshaw,41.64632227532305,40.82950967817164
3,01015,Calhoun,33.38152833206774,32.63079380245804
3,01079,Lawrence,28.600804148976504,27.800537612757733
3,01103,Morgan,31.241356607768594,27.951284786285363
3,01075,Lamar,34.05397880287251,32.75195797146402
3,01113,Russell,37.54313357936584,39.974826388888886
3,01059,Franklin,28.622184604640786,29.1976657169648
3,01035,Conecuh,44.66703126915615,41.35401299364503
3,01051,Elmore,39.84176654794403,35.795526571327684
3,01073,Jefferson,33.93536986015014,32.948260860449516
3,01127,Walker,31.60340452881303,32.18938226744186
3,01111,Randolph,33.95133975357767,33.77913110242502
3,01101,Montgomery,43.65133606241422,39.15403787163756
3,01007,Bibb,36.74440754461444,36.682254263913826
3,01055,Etowah,30.582471076702543,30.685439961615486
3,01021,Chilton,36.37068559291175,36.47469226060936
3,01031,Coffee,43.506732540223766,42.22109955688965
3,01039,Covington,43.82499003257346,42.51467996289425
3,01067,Henry,41.177243101157124,39.994402356902356
4,01027,Clay,37.63869947890715,36.24846470771144
4,01091,Marengo,39.104375168404616,31.044422591297593
4,01049,DeKalb,42.93591258632299,40.283974946758164
4,01019,Cherokee,41.6987239850131,35.78254888803681
4,01065,Hale,39.35249258696148,32.07188839285714
4,01105,Perry,39.17177065550014,31.31418918918919
4,01033,Colbert,45.34982899750574,36.322342841569764
4,01063,Greene,40.71420367660795,33.300652100271
4,01013,Butler,34.343798654316394,26.563458683819892
4,01081,Lee,39.06083224875113,29.858943883384146
4,01097,Mobile,32.72519510754188,26.150536309884778
4,01057,Fayette,42.052125486588295,37.18501143521296
4,01017,Chambers,39.35762257127871,31.393812066519548
4,01125,Tuscaloosa,39.352185313116735,34.32853328036723
4,01131,Wilcox,37.65992268014892,29.16458682885906
4,01095,Marshall,44.05046045211336,36.370568214909724
4,01053,Escambia,27.9939079154378,25.864355936004785
4,01083,Limestone,44.20394269269263,37.85963983050848
4,01009,Blount,41.274311987672235,38.96150400505902
4,01099,Monroe,32.32201211212451,27.76516850036982
4,01093,Marion,41.37769649569109,38.67313861417126
4,01085,Lowndes,37.30994246858444,28.505078125
4,01037,Coosa,40.0034604900887,32.505426818502826
4,01109,Pike,34.130118957850335,25.154373943066517
4,01119,Sumter,39.945793129765285,32.61544259221727
4,01133,Winston,43.624742537569524,37.31000953199761
4,01121,Talladega,39.336260445755975,33.953383138969876
4,01071,Jackson,44.462572613220594,38.400804845668766
4,01003,Baldwin,32.118286470962786,24.956719797203604
4,01011,Bullock,36.98338178100756,26.326766304347824
4,01001,Autauga,39.05907412855107,30.00130693280571
4,01087,Macon,37.900529595720585,27.541791820702404
4,01115,St. Clair,39.396811143212055,36.04878006152125
4,01023,Choctaw,38.34583128211361,30.736765008223685
4,01043,Cullman,42.93276665625195,38.42976316585956
4,01117,Shelby,38.30716361121438,33.90118534482759
4,01047,Dallas,38.504592571238916,29.654874976343677
4,01107,Pickens,42.81499885969996,35.39912537218205
4,01077,Lauderdale,43.62071158760945,36.60034501903553
4,01029,Cleburne,38.29265069062434,38.57312786134729
4,01005,Barbour,33.92684588629312,24.29030427631579
4,01061,Geneva,29.072671846093264,25.04785220880212
4,01045,Dale,31.860946548404968,24.045806510061393
4,01123,Tallapoosa,39.54912164139305,30.074959188432835
4,01025,Clarke,36.46329724299217,28.89476685012063
4,01069,Houston,30.46111289298818,27.02932868485342
4,01129,Washington,34.66469284748059,28.95965817873707
4,01089,Madison,45.91837100722175,39.91576270233813
4,01041,Crenshaw,32.98202450874093,25.637666161380597
4,01015,Calhoun,39.140298859623776,37.26886615707434
4,01079,Lawrence,45.165492634636934,37.68831346649485
4,01103,Morgan,45.16131683426549,38.40265605781058
4,01075,Lamar,43.22791851151612,37.51571708281638
4,01113,Russell,37.11751557319712,27.01275860821759
4,01059,Franklin,43.92961709626561,39.12373773802654
4,01035,Conecuh,29.238167353070807,26.143728012936904
4,01051,Elmore,40.247383078135634,28.874415165960453
4,01073,Jefferson,39.49468914749476,36.34428987755787
4,01127,Walker,41.458016795580996,36.589640261627906
4,01111,Randolph,37.60358187910512,34.72881600989151
4,01101,Montgomery,37.64984083806717,28.1924957232185
4,01007,Bibb,37.94314192487998,33.087461662178335
4,01055,Etowah,41.18726955022132,38.35693946094793
4,01021,Chilton,38.02061992451218,32.375191274483136
4,01031,Coffee,30.908281534888527,23.87479452544311
4,01039,Covington,27.622723628653787,24.46868042671614
4,01067,Henry,31.895545116380344,24.496564604377106
5,01027,Clay,36.7789562000138,42.3095751710199
5,01091,Marengo,37.61978998345218,36.03079776126651
5,01049,DeKalb,42.60395042738046,43.49655407004259
5,01019,Cherokee,42.938113484837324,38.98566909509202
5,01065,Hale,38.91817566321899,36.08646651785714
5,01105,Perry,37.94934320775002,35.03125
5,01033,Colbert,44.59429826533268,38.15479651162791
5,01063,Greene,39.05456085558406,36.97113821138211
5,01013,Butler,32.2972280676084,36.9271477610094
5,01081,Lee,35.82101375354491,42.82537633384146
5,01097,Mobile,31.186757137957134,33.58725221725288
5,01057,Fayette,37.79542770981007,40.362318161367725
5,01017,Chambers,35.78388415311887,42.13854626418663
5,01125,Tuscaloosa,38.74809944901355,38.025564971751415
5,01131,Wilcox,35.3192622876099,35.61986157718121
5,01095,Marshall,42.505315353650545,38.193779120559114
5,01053,Escambia,30.32479852291042,36.097830691786285
5,01083,Limestone,44.040408544487754,38.88558612666465
5,01009,Blount,40.65214878453049,41.277359120292296
5,01099,Monroe,33.55441876007201,37.993112056213015
5,01093,Marion,38.60998092623712,41.57850056334502
5,01085,Lowndes,31.334012674594725,35.374963187172774
5,01037,Coosa,36.123962179228286,37.90707980225989
5,01109,Pike,30.047271373879795,38.272208814825255
5,01119,Sumter,39.117895822136916,36.95179494325091
5,01133,Winston,39.62507852086466,39.22920716208134
5,01121,Talladega,37.71546115857731,38.02262512147716
5,01071,Jackson,40.95443026146522,40.926858612678394
5,01003,Baldwin,29.313808655318695,31.89740654610585
5,01011,Bullock,30.333460854015776,39.04377075785024
5,01001,Autauga,33.980415384271915,34.87670216480447
5,01087,Macon,30.935305861482956,40.53023914048059
5,01115,St. Clair,39.38319685706632,39.21359409955257
5,01023,Choctaw,38.20020312832321,37.02317087273849
5,01043,Cullman,40.68231220605469,39.87879842615012
5,01117,Shelby,37.85499972489987,37.352532327586204
5,01047,Dallas,35.48702288513721,34.02532113455715
5,01107,Pickens,39.121526685170096,38.73511604104636
5,01077,Lauderdale,44.85052662131802,38.507701459390866
5,01029,Cleburne,39.69734007298684,43.0940821206671
5,01005,Barbour,31.01149917306161,38.478532894736844
5,01061,Geneva,32.02083748862083,34.81862177365983
5,01045,Dale,31.19477947442438,37.93418528308322
5,01123,Tallapoosa,34.9754800495104,39.35740827114428
5,01025,Clarke,35.73716693020594,37.60806270732811
5,01069,Houston,30.729031042511007,35.92342223127036
5,01129,Washington,36.01746160907722,38.19966330717089
5,01089,Madison,42.58125003927541,41.3640540692446
5,01041,Crenshaw,31.216781058914712,37.54909534359453
5,01015,Calhoun,39.991064882203666,41.1910128147482
5,01079,Lawrence,42.67470758324158,38.78427029639175
5,01103,Morgan,42.33438534653974,39.230660939421895
5,01075,Lamar,38.14733619431918,40.674685949131515
5,01113,Russell,33.31893293592298,42.1270435474537
5,01059,Franklin,41.445599632750564,41.38278094345066
5,01035,Conecuh,31.373600256664382,36.781590444847936
5,01051,Elmore,33.54383533536277,36.718811793785314
5,01073,Jefferson,38.37591606428689,39.41866456306609
5,01127,Walker,38.31796048685571,39.35518531976744
5,01111,Randolph,36.616311622283064,41.52312340459477
5,01101,Montgomery,29.673996868163936,37.1025653315243
5,01007,Bibb,38.4871571731305,36.63064314033513
5,01055,Etowah,42.25040868521492,41.41255006675567
5,01021,Chilton,36.71529857170539,36.10725397850925
5,01031,Coffee,31.10443602760355,36.985344303887935
5,01039,Covington,29.457433966246942,35.3775974025974
5,01067,Henry,30.52805124478851,38.006623526936025
6,01027,Clay,22.733951833047723,35.72304007307214
6,01091,Marengo,22.567761519995976,30.69489364801865
6,01049,DeKalb,23.87301030800868,34.341025053241836
6,01019,Cherokee,24.08049476825615,31.637768404907977
6,01065,Hale,24.26235390522762,25.517375
6,01105,Perry,23.727749862811216,24.981004742723492
6,01033,Colbert,26.011492955907105,22.96783702761628
6,01063,Greene,23.752356241523014,28.364424542682926
6,01013,Butler,21.76803437046509,33.51509927016328
6,01081,Lee,24.474246261939136,34.234720369664636
6,01097,Mobile,22.10629424198869,29.391541748787144
6,01057,Fayette,26.39027054730554,24.185498837732453
6,01017,Chambers,24.05602224094326,34.18068253467844
6,01125,Tuscaloosa,24.992392100497153,23.751337394067797
6,01131,Wilcox,21.195277552223754,30.325139602558725
6,01095,Marshall,23.384181460594622,31.01678527227723
6,01053,Escambia,21.87914802162873,34.15604440789474
6,01083,Limestone,24.949799239512526,24.743055292826877
6,01009,Blount,24.849590837553194,32.08310277894885
6,01099,Monroe,21.86193981022659,34.002828564164204
6,01093,Marion,25.20497618018541,24.22234523660491
6,01085,Lowndes,19.508963714980833,29.45031699934555
6,01037,Coosa,25.702669951947083,30.26096618997175
6,01109,Pike,20.719966641552567,33.000832335118375
6,01119,Sumter,23.881008457847262,32.300649827725984
6,01133,Winston,24.499598596692827,24.173029119318183
6,01121,Talladega,23.858791368753806,29.173655399659864
6,01071,Jackson,24.69453809289048,31.321601186525058
6,01003,Baldwin,21.223985612259842,29.614549630228797
6,01011,Bullock,20.986394193861905,31.909877906099034
6,01001,Autauga,23.22205593392925,27.66823304624457
6,01087,Macon,21.725962776237186,32.42470540665435
6,01115,St. Clair,23.643951369342926,30.718514052013422
6,01023,Choctaw,23.31825967162982,33.8847078022204
6,01043,Cullman,24.159868541941613,28.62331075968523
6,01117,Shelby,25.537831889266965,26.585569324712644
6,01047,Dallas,21.360958166938502,27.160774271385314
6,01107,Pickens,25.505867794528246,27.668626714695876
6,01077,Lauderdale,24.82329165093866,23.261819876269037
6,01029,Cleburne,23.663004377658496,35.942987655330285
6,01005,Barbour,24.500408308991503,31.85728947368421
6,01061,Geneva,22.47743473641396,35.2697199702184
6,01045,Dale,23.29291863509424,35.24596585095498
6,01123,Tallapoosa,23.882202573961695,31.48654967350746
6,01025,Clarke,22.18604236099149,33.19398371531966
6,01069,Houston,24.077203318667262,35.695149633550486
6,01129,Washington,23.208922764033925,32.837127631109524
6,01089,Madison,24.939434288434132,29.417238084532375
6,01041,Crenshaw,21.35797729232797,33.54931883550995
6,01015,Calhoun,23.212879549392284,32.96000074940048
6,01079,Lawrence,24.414654442278056,24.00844676224227
6,01103,Morgan,24.535062010457416,27.481727590713408
6,01075,Lamar,26.147119918382675,25.980989744882134
6,01113,Russell,24.82507339638806,33.11118797019676
6,01059,Franklin,24.332123588775097,24.54762108698788
6,01035,Conecuh,22.329394293371706,34.439929215842035
6,01051,Elmore,23.37124207234773,30.346287959039547
6,01073,Jefferson,25.097109057876434,27.27427352398524
6,01127,Walker,25.537056523442242,23.579289607558138
6,01111,Randolph,22.556423287645433,34.45599174377792
6,01101,Montgomery,19.355441154651263,31.53359485606418
6,01007,Bibb,24.884572654173517,23.92386669658887
6,01055,Etowah,23.80225480433577,33.5611492406542
6,01021,Chilton,24.444845656300007,26.6366209874864
6,01031,Coffee,22.35658985597697,34.92152658662093
6,01039,Covington,22.97196072229905,34.263291396103895
6,01067,Henry,24.56395992096855,33.50703388047138
7,01027,Clay,15.264909288872571,22.689234491604477
7,01091,Marengo,16.36142019271623,21.20654865967366
7,01049,DeKalb,19.227308984406797,29.203679602460955
7,01019,Cherokee,20.320336324060044,24.605420820552148
7,01065,Hale,16.58706726765247,20.480636160714287
7,01105,Perry,15.576070495012553,16.997385005197504
7,01033,Colbert,20.096417041280578,31.483602834302324
7,01063,Greene,15.862328866546653,25.90830792682927
7,01013,Butler,13.37514095397959,21.421206240722416
7,01081,Lee,17.74947572879738,18.818869092987804
7,01097,Mobile,17.52441933415663,18.080464249166162
7,01057,Fayette,18.63315514388045,26.428037829934013
7,01017,Chambers,16.04746922125859,18.63823839454603
7,01125,Tuscaloosa,16.409075586306876,22.552334922316383
7,01131,Wilcox,14.765239123446289,19.284844929739933
7,01095,Marshall,19.35186535262353,27.995479488206172
7,01053,Escambia,12.796552980103511,21.220363586523128
7,01083,Limestone,21.60481919623925,30.83436270429782
7,01009,Blount,20.148588337119463,27.64698390949972
7,01099,Monroe,12.889589172941042,20.571580875554734
7,01093,Marion,19.010084946664403,29.32179910490736
7,01085,Lowndes,14.479882728361723,19.35693717277487
7,01037,Coosa,18.774654195662308,19.7165739759887
7,01109,Pike,13.850301818005894,19.021488778889516
7,01119,Sumter,16.57507167419383,27.60664838366437
7,01133,Winston,19.814109455527266,26.749560780502392
7,01121,Talladega,18.445380356462646,21.578865251457724
7,01071,Jackson,21.338989400872205,28.724151074510456
7,01003,Baldwin,15.664347475015308,17.36566183267853
7,01011,Bullock,15.824748838108555,18.28192580955616
7,01001,Autauga,16.77142927169223,18.27463047020484
7,01087,Macon,16.985883914226598,19.47594154343808
7,01115,St. Clair,18.968647059685097,24.90421604096756
7,01023,Choctaw,15.86484258933265,22.29914615028783
7,01043,Cullman,20.516737023033524,27.66948774213075
7,01117,Shelby,19.58162762427875,20.269464798850574
7,01047,Dallas,14.964312828040704,17.782182946158212
7,01107,Pickens,16.541906906775584,28.514096395151
7,01077,Lauderdale,20.779927158004714,32.41983264593909
7,01029,Cleburne,17.118150294217735,24.740823250490518
7,01005,Barbour,16.31188150007833,18.36677467105263
7,01061,Geneva,14.692347568821626,24.384513567174057
7,01045,Dale,15.347326587042339,21.374840126193725
7,01123,Tallapoosa,17.023598474809372,18.374689054726367
7,01025,Clarke,15.08686059985536,19.565263589414958
7,01069,Houston,13.750012820133069,22.948483306188926
7,01129,Washington,13.050600624123259,18.75284293613985
7,01089,Madison,21.315654690548183,31.444448347571942
7,01041,Crenshaw,13.027271312244785,20.450545125932837
7,01015,Calhoun,17.831737572239717,25.205007868705035
7,01079,Lawrence,21.079701580184736,30.763985985824743
7,01103,Morgan,21.71620961036714,29.979673566266914
7,01075,Lamar,18.55731818790994,29.47037356544665
7,01113,Russell,17.451417883425037,19.373046875
7,01059,Franklin,20.188179492232244,32.119896855164455
7,01035,Conecuh,11.369350523168535,22.15697876475261
7,01051,Elmore,18.832511388586195,20.50719235522599
7,01073,Jefferson,19.386606630631736,23.973464755954378
7,01127,Walker,18.34127723176612,24.02452034883721
7,01111,Randolph,13.981126474714747,21.221442246330568
7,01101,Montgomery,15.482349651657735,20.61802073501652
7,01007,Bibb,15.61275591910559,17.77446373803112
7,01055,Etowah,18.46219902688708,27.542783607309747
7,01021,Chilton,16.88091488588716,17.593127295293797
7,01031,Coffee,14.33662232822616,21.709260202258434
7,01039,Covington,11.101694417491967,22.209835923005567
7,01067,Henry,15.106057959365762,20.121243686868688
8,01027,Clay,21.703875569892475,26.316940687189053
8,01091,Marengo,22.20040846404612,32.92443060411811
8,01049,DeKalb,19.889778686127375,23.71053818622811
8,01019,Cherokee,20.07159927567634,23.46956000766871
8,01065,Hale,21.84415468090988,29.926348214285714
8,01105,Perry,22.101038374423503,29.89829944126819
8,01033,Colbert,18.573695637939714,19.58748410247093
8,01063,Greene,19.740600828834214,30.846614583333334
8,01013,Butler,25.475863967525658,37.39486949529935
8,01081,Lee,20.25734556975725,30.27642911585366
8,01097,Mobile,27.57856664187463,37.021966437992724
8,01057,Fayette,18.06865536632737,25.26230222705459
8,01017,Chambers,19.53480252117311,28.595547958701136
8,01125,Tuscaloosa,19.139291837556538,27.512535310734464
8,01131,Wilcox,24.010681090109205,34.22911204907718
8,01095,Marshall,19.549124751734485,21.4318010155795
8,01053,Escambia,23.905753055097573,42.05385890151515
8,01083,Limestone,16.403521749056463,20.303122162530265
8,01009,Blount,21.520072981635924,23.78160571247892
8,01099,Monroe,25.97659038763674,40.17322427422337
8,01093,Marion,19.22491627370071,24.265513504631947
8,01085,Lowndes,23.7475876223771,34.36640625
8,01037,Coosa,20.054216187677206,30.124271716101696
8,01109,Pike,25.07243753359505,32.594815741262686
8,01119,Sumter,20.922841823278862,32.61822304418322
8,01133,Winston,17.648753646906936,21.48062294407895
8,01121,Talladega,20.231832183322684,28.341508366739554
8,01071,Jackson,18.87559826024226,23.10068868237637
8,01003,Baldwin,26.765306886444293,36.119543708111856
8,01011,Bullock,22.71708746583615,31.916586465881643
8,01001,Autauga,22.155227319789727,32.18355737895717
8,01087,Macon,22.092383184334743,32.98579501694393
8,01115,St. Clair,20.38416823195453,26.08943957983781
8,01023,Choctaw,23.45741358669518,37.132600483141445
8,01043,Cullman,17.191984921943874,22.376229570217916
8,01117,Shelby,20.721154489049706,28.990096982758622
8,01047,Dallas,23.667077637244848,31.738006245268735
8,01107,Pickens,18.296937659671094,28.685718843045514
8,01077,Lauderdale,16.81947932968235,17.955121748096445
8,01029,Cleburne,21.73538495799175,25.363718116415956
8,01005,Barbour,23.03881696549035,29.913865131578948
8,01061,Geneva,22.619912372029432,37.205650748676376
8,01045,Dale,24.249273847869127,33.10555135146657
8,01123,Tallapoosa,19.890810436660463,28.876408970771145
8,01025,Clarke,25.164743773320573,38.87622512062726
8,01069,Houston,20.974962450091965,36.11641388436482
8,01129,Washington,26.782545230384855,41.99637665001784
8,01089,Madison,17.479514960985494,22.67021695143885
8,01041,Crenshaw,24.322489820605796,35.179553890702735
8,01015,Calhoun,20.711368605394636,26.53714216127098
8,01079,Lawrence,17.199019491771935,21.264094716494846
8,01103,Morgan,16.528287949091766,21.738617581488313
8,01075,Lamar,18.058395748377404,26.530096541563275
8,01113,Russell,22.144204533094392,30.99848090277778
8,01059,Franklin,19.37662534272181,23.068247800057705
8,01035,Conecuh,24.531251667903454,40.57202536314117
8,01051,Elmore,21.475821809071054,32.71931497175141
8,01073,Jefferson,20.36765823577718,27.313097534384436
8,01127,Walker,17.779829095701693,24.292843386627908
8,01111,Randolph,22.541889317939454,26.299522375558393
8,01101,Montgomery,24.00959859928948,34.80501931925436
8,01007,Bibb,20.03574123457884,29.963181665170556
8,01055,Etowah,20.504787904848467,24.97454418391188
8,01021,Chilton,21.215467423659582,30.893642886289445
8,01031,Coffee,22.98188485061278,35.01103979059462
8,01039,Covington,20.82147069117589,38.12814819109462
8,01067,Henry,22.254731806597533,31.720017887205387
9,01027,Clay,44.42924319038825,57.34525614116915
9,01091,Marengo,37.75515905840482,47.68794616841492
9,01049,DeKalb,46.887700648360365,58.933421823237104
9,01019,Cherokee,48.51686524052904,54.66472392638037
9,01065,Hale,38.98070772409072,47.43029464285714
9,01105,Perry,40.259203983306,46.47139341865904
9,01033,Colbert,47.70199461344083,57.90452398255814
9,01063,Greene,38.5039380013811,50.45627540650406
9,01013,Butler,40.37723952927422,44.692745701385455
9,01081,Lee,37.91526100195878,52.10790777439024
9,01097,Mobile,29.973454533610525,40.26399522437841
9,01057,Fayette,41.90024129198212,56.607336345230955
9,01017,Chambers,41.41020255203583,52.13698967528373
9,01125,Tuscaloosa,42.685038436299635,52.3330331920904
9,01131,Wilcox,37.611579919858045,43.86529336199664
9,01095,Marshall,51.467188930415766,55.84224392108329
9,01053,Escambia,34.42628145374803,45.155240729665074
9,01083,Limestone,47.88220108392408,59.96774269824455
9,01009,Blount,50.50387213646179,59.355106450252954
9,01099,Monroe,34.619838964785124,44.978639862241124
9,01093,Marion,44.44652804459356,60.93917047446169
9,01085,Lowndes,40.13854644391856,45.11735520287958
9,01037,Coosa,43.66624400937684,53.93082185734463
9,01109,Pike,36.29126021833185,45.68395486894025
9,01119,Sumter,38.85935368433121,52.117858861978114
9,01133,Winston,46.686917137727214,58.546814256877994
9,01121,Talladega,45.5269392023504,55.750379616132165
9,01071,Jackson,44.66263811187166,57.82045511118486
9,01003,Baldwin,29.87048477933777,38.93336174023573
9,01011,Bullock,38.70429431852018,47.17261096014493
9,01001,Autauga,41.3280982171117,48.981407122905026
9,01087,Macon,37.54485095809929,49.70132952094886
9,01115,St. Clair,47.04309264101715,57.46000681627517
9,01023,Choctaw,36.44453184075963,52.681242290296055
9,01043,Cullman,47.157031457970916,58.658115163438254
9,01117,Shelby,46.08129391827104,54.79828304597701
9,01047,Dallas,38.96165084285143,43.76312334405753
9,01107,Pickens,38.49029835613143,53.37890126541897
9,01077,Lauderdale,45.86514680275689,57.51123889593909
9,01029,Cleburne,43.70674704780423,58.39865721059516
9,01005,Barbour,38.753503575132335,43.70297697368421
9,01061,Geneva,35.442456355232444,45.55729856055592
9,01045,Dale,35.441601451111104,43.83547919508867
9,01123,Tallapoosa,41.593199140559875,50.8230177238806
9,01025,Clarke,35.341244545294515,47.799994345597106
9,01069,Houston,32.955354132815415,43.06733509771987
9,01129,Washington,32.85341554030958,49.734386148769175
9,01089,Madison,48.23430697128682,62.77350775629496
9,01041,Crenshaw,38.038324463057975,45.54619480721393
9,01015,Calhoun,46.19641057481256,58.917111623201436
9,01079,Lawrence,45.40703059730333,60.406737274484534
9,01103,Morgan,47.94943901978476,59.88746348400984
9,01075,Lamar,39.738028352710664,56.76972510856079
9,01113,Russell,37.15053306754264,47.881429036458336
9,01059,Franklin,45.40559783747846,63.59550815060589
9,01035,Conecuh,35.67610866416244,44.00204266908761
9,01051,Elmore,40.51274130750666,50.491269420903954
9,01073,Jefferson,48.99473095161044,57.35838435088896
9,01127,Walker,45.892283304511714,56.09762354651163
9,01111,Randolph,43.93082054865193,54.81596003509892
9,01101,Montgomery,40.93620827150756,48.46347038697499
9,01007,Bibb,43.03280767181588,51.78103493417115
9,01055,Etowah,49.37597522886555,59.367849841455275
9,01021,Chilton,43.556751629917976,52.744108745919476
9,01031,Coffee,34.41622816722969,44.58703634219554
9,01039,Covington,35.70691860232272,44.70954313543599
9,01067,Henry,35.245906030136574,41.85306449915825
10,01027,Clay,31.400951393258502,38.063415831001244
10,01091,Marengo,30.891825693356893,32.9998361013986
10,01049,DeKalb,31.84313458964692,39.586107578088026
10,01019,Cherokee,34.382944620637666,36.64009777607362
10,01065,Hale,30.789800076356613,35.862511160714284
10,01105,Perry,31.8717454081192,36.79123083419958
10,01033,Colbert,33.73423541158341,39.235637718023256
10,01063,Greene,31.245929058269585,35.85429369918699
10,01013,Butler,40.46298527675409,33.55724270163285
10,01081,Lee,31.32435197925325,38.36648008765244
10,01097,Mobile,31.80385933089984,29.33922547756216
10,01057,Fayette,33.524043394843154,41.08306463707259
10,01017,Chambers,33.58412778023137,36.76495261270492
10,01125,Tuscaloosa,32.19423130856052,39.144941737288136
10,01131,Wilcox,33.39090062568646,31.077377831375838
10,01095,Marshall,33.200667766396386,38.32256479324403
10,01053,Escambia,37.267550225944376,32.55701754385965
10,01083,Limestone,34.555516761913225,41.28654188105327
10,01009,Blount,32.66324673625724,41.450393479482855
10,01099,Monroe,36.982498336279484,30.290810489090237
10,01093,Marion,34.45020340561243,42.646493177265896
10,01085,Lowndes,38.053966036029706,34.60728893979058
10,01037,Coosa,33.581676726321625,40.29761211158192
10,01109,Pike,35.986967218966015,35.777696061161215
10,01119,Sumter,30.951366141508814,35.27521407580057
10,01133,Winston,31.316906932124613,41.76524185107655
10,01121,Talladega,33.28686589519307,39.89142219387755
10,01071,Jackson,32.03653321506949,39.35938537172254
10,01003,Baldwin,32.59977924885844,29.40187882770973
10,01011,Bullock,36.82205296364299,37.20608771135266
10,01001,Autauga,34.564653854028215,38.335307068590936
10,01087,Macon,33.5142643184041,39.06965303450401
10,01115,St. Clair,32.74094931526143,40.13292173517897
10,01023,Choctaw,29.54187900007928,33.49452289782072
10,01043,Cullman,30.086690522856916,41.35179328087167
10,01117,Shelby,32.1192680981006,40.73341954022988
10,01047,Dallas,33.40771878620947,33.67821489401968
10,01107,Pickens,33.189106412019505,38.21889621437686
10,01077,Lauderdale,33.2185201085375,38.76475650380711
10,01029,Cleburne,29.533719838224098,37.643867008665794
10,01005,Barbour,37.61456918099508,35.13134210526316
10,01061,Geneva,39.9060914705304,35.88795189444077
10,01045,Dale,36.6265845295414,34.37076600869713
10,01123,Tallapoosa,34.03685321866862,37.390967039801
10,01025,Clarke,33.13494970346542,30.926643546441497
10,01069,Houston,36.48543037865666,36.213678236970686
10,01129,Washington,29.577570004727402,32.05698135925794
10,01089,Madison,33.765869726988136,43.282001742356115
10,01041,Crenshaw,36.8636615440299,35.45345780861319
10,01015,Calhoun,33.154340338491636,39.92535502847722
10,01079,Lawrence,33.177950311745356,42.607756121134024
10,01103,Morgan,33.01065972815192,42.162967020295206
10,01075,Lamar,32.228121135773236,40.51259595998759
10,01113,Russell,33.57836972870318,37.75927734375
10,01059,Franklin,33.43911210227122,43.17668962781304
10,01035,Conecuh,39.20169996837959,31.667388929868363
10,01051,Elmore,36.947442923305566,39.16920021186441
10,01073,Jefferson,33.97451304437556,41.2357744884267
10,01127,Walker,32.95493177520451,41.21989825581395
10,01111,Randolph,31.869983873193554,36.08777720165922
10,01101,Montgomery,42.47982636400571,37.72008465077867
10,01007,Bibb,31.055613251729227,40.59285233393178
10,01055,Etowah,34.86581849188535,40.81033044058745
10,01021,Chilton,31.681029519320187,41.01626258161045
10,01031,Coffee,36.3596242193528,34.38390017510006
10,01039,Covington,35.00019690921688,34.304774466604826
10,01067,Henry,37.63475798775782,35.047732533670036
11,01027,Clay,34.855353229679515,38.10330185012438
11,01091,Marengo,41.3638154814067,45.66686698717949
11,01049,DeKalb,30.660560635873008,36.49977815901562
11,01019,Cherokee,32.70899588890324,37.05751294095092
11,01065,Hale,41.87108535123743,43.82490625
11,01105,Perry,42.23044528954767,42.09524428274428
11,01033,Colbert,34.44036366466071,40.00302053052326
11,01063,Greene,41.955498975914054,46.49967818428184
11,01013,Butler,41.973290176080425,45.53954570757051
11,01081,Lee,40.23167991121373,43.78421303353659
11,01097,Mobile,44.85533609188414,40.57365733020012
11,01057,Fayette,39.01627074901434,46.32382273545291
11,01017,Chambers,36.10290598234985,40.70646969577554
11,01125,Tuscaloosa,40.09113010215627,44.72249735169491
11,01131,Wilcox,41.534889257716216,43.91922713926174
11,01095,Marshall,34.09593322381914,37.49713116991846
11,01053,Escambia,41.58230444957533,45.78008497807018
11,01083,Limestone,34.68579297894723,40.53744514225182
11,01009,Blount,35.94611341729431,42.08649522203485
11,01099,Monroe,41.661245310666686,45.30393340883876
11,01093,Marion,37.18870316858917,45.17411664371557
11,01085,Lowndes,42.782123081870566,44.2088432591623
11,01037,Coosa,39.553101816843856,40.351818502824855
11,01109,Pike,43.7521423588237,46.94085135992108
11,01119,Sumter,41.879711558875165,47.44400144406161
11,01133,Winston,35.22562672341154,41.8133176958732
11,01121,Talladega,37.585958669883176,40.22719645894072
11,01071,Jackson,31.82308853591784,36.89854899601726
11,01003,Baldwin,44.676669521083326,41.121804223480474
11,01011,Bullock,41.14531630983545,46.29916779891305
11,01001,Autauga,42.09394378173931,42.15900450031037
11,01087,Macon,41.04517343219175,46.27793823166975
11,01115,St. Clair,35.927669023912685,40.343479096756155
11,01023,Choctaw,41.51634438904427,48.23426577919408
11,01043,Cullman,35.63626139874377,42.10224349273608
11,01117,Shelby,39.0427286832989,41.297938218390804
11,01047,Dallas,42.18591330369298,42.59525217638153
11,01107,Pickens,42.72153541561518,47.525647330923015
11,01077,Lauderdale,33.27837427801383,38.960136421319795
11,01029,Cleburne,33.439821962384194,37.55967952910399
11,01005,Barbour,44.18340400139852,47.12411842105263
11,01061,Geneva,49.6763530703743,47.354711283917936
11,01045,Dale,49.10200053370167,48.6582803973397
11,01123,Tallapoosa,38.67262583555424,39.91864116915423
11,01025,Clarke,41.61125775093989,45.924607961399275
11,01069,Houston,48.254619885607575,48.949419788273616
11,01129,Washington,41.927499430801845,45.568146851587585
11,01089,Madison,34.56582300578936,42.27229934802158
11,01041,Crenshaw,43.20871358202836,46.420947022699
11,01015,Calhoun,34.381256344598874,40.53400404676259
11,01079,Lawrence,34.45962955053228,41.40482442010309
11,01103,Morgan,34.84187824014967,41.54262761377614
11,01075,Lamar,41.056444029816895,47.57809592121588
11,01113,Russell,41.39907149754823,48.5980224609375
11,01059,Franklin,34.75456930010824,43.197670225043275
11,01035,Conecuh,41.355119007267746,45.22874702110758
11,01051,Elmore,41.980432728258826,42.05760946327683
11,01073,Jefferson,37.640960092908685,43.29597345689366
11,01127,Walker,35.94445034911906,44.79031976744186
11,01111,Randolph,33.429462048236594,37.71577855775367
11,01101,Montgomery,42.71621989781087,45.59095903138273
11,01007,Bibb,42.24636885899083,42.68528388689408
11,01055,Etowah,33.362519910844036,40.83330117239653
11,01021,Chilton,40.72377102345749,41.464452699945596
11,01031,Coffee,48.20943112368588,47.1847886292167
11,01039,Covington,43.682395702571334,45.75614853896104
11,01067,Henry,46.89805118730991,48.13270728114478
12,01027,Clay,23.630617779284172,29.86454203591418
12,01091,Marengo,34.72430499012608,38.6873968045843
12,01049,DeKalb,21.6604970789345,23.53653905880265
12,01019,Cherokee,23.77623213221164,26.896434049079755
12,01065,Hale,33.205964630062525,36.83543080357143
12,01105,Perry,32.98144723511546,36.78860365774428
12,01033,Colbert,27.370756033374988,29.160167605377907
12,01063,Greene,33.76392336669583,37.02840023712737
12,01013,Butler,34.10052309910489,41.75102440004948
12,01081,Lee,25.637547312207683,30.71365282012195
12,01097,Mobile,36.974524638378355,40.72135574590661
12,01057,Fayette,29.840764278456653,34.639345568386325
12,01017,Chambers,24.34470851795011,29.543648526166457
12,01125,Tuscaloosa,31.21209717478201,34.60759842867232
12,01131,Wilcox,33.66002826039225,39.73485672713926
12,01095,Marshall,24.235775943575582,25.29917279411765
12,01053,Escambia,36.788745037019005,42.246043909489636
12,01083,Limestone,25.161059240311566,27.42526577633172
12,01009,Blount,27.885980036309302,30.34108435216414
12,01099,Monroe,35.81850628202861,41.92938701923077
12,01093,Marion,27.953444944834956,32.96473225463195
12,01085,Lowndes,31.602495154181543,39.0397414921466
12,01037,Coosa,27.786976772158575,32.15752560028248
12,01109,Pike,35.023279826583035,39.381495737034946
12,01119,Sumter,34.77170398477743,37.623692110863395
12,01133,Winston,26.15044890746456,29.69825620514354
12,01121,Talladega,26.21282547116633,31.93477435617104
12,01071,Jackson,22.522887051832736,23.293146365748424
12,01003,Baldwin,36.519522869854306,40.21778946152068
12,01011,Bullock,31.622215995123852,36.35745489885266
12,01001,Autauga,29.840280509763915,34.933213066418375
12,01087,Macon,29.85552495506033,35.19498036044362
12,01115,St. Clair,26.639360694676014,30.74147528663311
12,01023,Choctaw,38.09927207073935,38.49312551398026
12,01043,Cullman,26.88331463952708,29.696996065375302
12,01117,Shelby,29.79446530182023,32.466497844827586
12,01047,Dallas,32.10446711893358,38.07915996404239
12,01107,Pickens,33.49629957114342,36.89498484687367
12,01077,Lauderdale,26.671954554904215,27.713955425126905
12,01029,Cleburne,22.72000238312998,28.29683156883584
12,01005,Barbour,34.053774050527274,36.317157894736845
12,01061,Geneva,36.22688605501789,42.8245961904368
12,01045,Dale,36.62674904223385,41.62900750341064
12,01123,Tallapoosa,26.194461706170404,30.452761582711442
12,01025,Clarke,35.518568827283964,40.05482886007238
12,01069,Houston,37.069087049556096,42.341894849348535
12,01129,Washington,37.54623000979977,40.69945148055655
12,01089,Madison,24.20543377123511,27.966175106789567
12,01041,Crenshaw,34.7936369795787,41.100075792910445
12,01015,Calhoun,24.458132029475497,31.05238543540168
12,01079,Lawrence,26.057916070928922,29.11925136920103
12,01103,Morgan,25.921778095441212,28.719679716328415
12,01075,Lamar,32.033739308418646,36.08814264112903
12,01113,Russell,28.94256213510765,33.891922562210645
12,01059,Franklin,27.511331754975338,30.814767563473744
12,01035,Conecuh,36.87071588580427,42.874404221516116
12,01051,Elmore,29.506016767157217,32.89940854519774
12,01073,Jefferson,29.907718964808282,32.69307174605837
12,01127,Walker,28.976216925882966,33.57002906976744
12,01111,Randolph,22.695057835539988,28.81574066687939
12,01101,Montgomery,33.12304040441871,38.12607656913639
12,01007,Bibb,31.419872569585007,34.65876065978456
12,01055,Etowah,24.92273769109619,29.917856621328436
12,01021,Chilton,29.931818953292524,33.545287421789986
12,01031,Coffee,37.140664233064314,42.56775300171527
12,01039,Covington,38.23366187951861,42.98617230983302
12,01067,Henry,35.334039716446036,38.637247474747475
