month,GEOID,county,gridmet_frost_days_std,nldas3_frost_days_std
1,01027,Clay,4.492669081178523,5.008687944554571
1,01091,Marengo,4.578968018240154,5.363067271270396
1,01049,DeKalb,5.140593964237154,5.806937799485329
1,01019,Cherokee,5.237755783021144,4.898514786234663
1,01065,Hale,4.889588867771442,5.29104296875
1,01105,Perry,4.539845233448814,5.041806417294699
1,01033,Colbert,5.377617445267004,5.075307162972384
1,01063,Greene,5.20978991222647,5.469043233401084
1,01013,Butler,5.212621877861391,4.861374512926769
1,01081,Lee,3.6900132166152786,4.7039175638338415
1,01097,Mobile,4.258424202333017,3.413786527819891
1,01057,Fayette,5.097126945395405,5.821663401694661
1,01017,Chambers,4.109399923798794,4.635638743300756
1,01125,Tuscaloosa,5.194319848167808,5.393843794138418
1,01131,Wilcox,4.556454583922795,5.176627139917156
1,01095,Marshall,5.1931279180211884,5.258090055329062
1,01053,Escambia,4.768286006914501,4.572007856110447
1,01083,Limestone,5.426382960456581,5.427165107634686
1,01009,Blount,5.089297372762817,5.476059671866217
1,01099,Monroe,4.612414951099627,4.988591120793269
1,01093,Marion,5.011517197343416,5.652560383544066
1,01085,Lowndes,4.873271277787074,4.998584240019634
1,01037,Coosa,4.349060411883032,4.480161436264124
1,01109,Pike,4.653080977527534,4.711452204587092
1,01119,Sumter,5.083209942200612,5.453664148003648
1,01133,Winston,5.024530313980462,5.2859021054500595
1,01121,Talladega,4.329147028537632,4.569546624453353
1,01071,Jackson,5.209566623261082,5.413676477451875
1,01003,Baldwin,4.113619700789985,3.255969511930899
1,01011,Bullock,4.317515269343655,4.824192212975544
1,01001,Autauga,4.458714579912359,4.5571201165813155
1,01087,Macon,3.7770606892535263,4.941685439772027
1,01115,St. Clair,4.551576683940808,4.854755990457215
1,01023,Choctaw,4.510078314007124,5.455025923879523
1,01043,Cullman,5.06284844840433,5.411101127421308
1,01117,Shelby,4.944348003954083,4.877010147270115
1,01047,Dallas,4.409145856179175,5.078090624408592
1,01107,Pickens,5.267514116403469,5.519856078530412
1,01077,Lauderdale,5.353166991419142,5.2583944717639595
1,01029,Cleburne,4.960095173447033,5.682205230134074
1,01005,Barbour,4.291505052512708,4.5545032894736845
1,01061,Geneva,4.427321734868136,4.0907495424181
1,01045,Dale,4.1282404862191475,4.282013397424966
1,01123,Tallapoosa,4.14138551178756,4.490368956001244
1,01025,Clarke,4.285674282036488,5.100557665485525
1,01069,Houston,4.18595017439613,4.037443378460912
1,01129,Washington,4.751306597902811,4.838416010747413
1,01089,Madison,5.124132219017206,5.731212149421088
1,01041,Crenshaw,4.743095672877634,4.771211690570585
1,01015,Calhoun,4.570131548986064,5.039871618330336
1,01079,Lawrence,5.079715083932739,5.382124375805413
1,01103,Morgan,5.454147590687751,5.5462780116082415
1,01075,Lamar,5.2273166164675615,5.715221774193548
1,01113,Russell,3.8713412987093068,4.85820233380353
1,01059,Franklin,5.066515825166337,5.583919007862089
1,01035,Conecuh,4.9294161910372205,4.721702738453246
1,01051,Elmore,4.35663648411181,4.510720394156073
1,01073,Jefferson,5.292774732365392,5.369841024404562
1,01127,Walker,5.130393227164286,5.696514353197674
1,01111,Randolph,4.549362765222255,4.852602941029834
1,01101,Montgomery,4.949905508210632,4.954029207468145
1,01007,Bibb,4.93577321333822,5.047843380647816
1,01055,Etowah,4.8615904510257115,5.298638418933578
1,01021,Chilton,4.665480672731357,4.645824478033188
1,01031,Coffee,4.334486716234487,4.138538428208976
1,01039,Covington,4.388187663802535,4.3018792033859
1,01067,Henry,4.184812688941953,4.306171743476431
2,01027,Clay,4.325782484073161,3.342413907027363
2,01091,Marengo,5.025318705453743,3.114084808420746
2,01049,DeKalb,4.10074416458877,3.710494973453029
2,01019,Cherokee,3.964770674168487,3.352033406825153
2,01065,Hale,4.733117840732586,3.256711216517857
2,01105,Perry,4.591096326277915,3.188540008608368
2,01033,Colbert,4.390872702191406,3.8234885992005814
2,01063,Greene,5.196317599700819,3.5076219512195124
2,01013,Butler,4.485082548646595,2.832047679057397
2,01081,Lee,3.9278491543047904,2.9691891553925305
2,01097,Mobile,3.347177396535319,1.5051889876440268
2,01057,Fayette,4.996234124160382,4.168913092381524
2,01017,Chambers,4.359357410416785,3.0799272688761032
2,01125,Tuscaloosa,4.427984852401773,3.6212714071327685
2,01131,Wilcox,4.99158120973146,2.8564813601090604
2,01095,Marshall,4.464401769065003,3.758211485785527
2,01053,Escambia,3.9773265319463835,2.4336165286707536
2,01083,Limestone,4.83901624040685,4.1826627052436445
2,01009,Blount,4.273636262887639,3.696533614829258
2,01099,Monroe,4.557097993000419,2.8314252322947486
2,01093,Marion,4.7357856081458545,4.477757163088382
2,01085,Lowndes,4.433935996745616,2.945113097185864
2,01037,Coosa,4.496963304429331,3.089064982786017
2,01109,Pike,3.4551236966854395,2.787408839487035
2,01119,Sumter,5.17383750513867,3.348049329271382
2,01133,Winston,4.638441051663574,4.280017031436902
2,01121,Talladega,4.622873457413798,3.1552262227435617
2,01071,Jackson,4.22553620012126,4.068823185467142
2,01003,Baldwin,3.238430120332187,1.3236930041382597
2,01011,Bullock,3.7720968739482945,2.731911184707126
2,01001,Autauga,4.758504787733726,3.1087954880509
2,01087,Macon,3.7391052842866546,2.698268662392175
2,01115,St. Clair,4.288903469728075,3.0664876302083335
2,01023,Choctaw,4.9642343541186,3.2480131450452303
2,01043,Cullman,4.472931721018484,4.272700230780871
2,01117,Shelby,4.3573938359099476,3.0942892420977013
2,01047,Dallas,4.79697475200274,3.0027927395793905
2,01107,Pickens,4.878207687864089,3.9605644871863035
2,01077,Lauderdale,4.3159790405426515,3.949545427506345
2,01029,Cleburne,3.965809383807202,3.37180174184516
2,01005,Barbour,3.5901088380768598,2.6334375
2,01061,Geneva,3.990089977287121,2.5869303816284743
2,01045,Dale,3.1711494358265684,2.6720738430465554
2,01123,Tallapoosa,4.328501758452746,2.8971456195584575
2,01025,Clarke,4.940402438072559,2.8959021482019
2,01069,Houston,3.0583904870756218,2.511454251068811
2,01129,Washington,4.8184750485221075,2.81352795135792
2,01089,Madison,4.817915716713196,4.524607706412994
2,01041,Crenshaw,3.5348653034332624,2.778034267140858
2,01015,Calhoun,4.231468799364616,3.3942171458145984
2,01079,Lawrence,4.64410470249503,4.234458561533505
2,01103,Morgan,4.705762891319025,4.492641547509225
2,01075,Lamar,4.95321256858001,4.146860581769541
2,01113,Russell,3.835345298345647,2.6290483827944153
2,01059,Franklin,4.53393196773016,4.2502510436201675
2,01035,Conecuh,4.162282136489877,2.7020176676690877
2,01051,Elmore,4.2665110829908945,2.930757029043079
2,01073,Jefferson,4.377454541293776,3.346899176555686
2,01127,Walker,4.6987717209368345,3.9937963299418606
2,01111,Randolph,4.391917670511659,3.255800482111519
2,01101,Montgomery,3.500367882197262,2.8116398046690656
2,01007,Bibb,4.519572939978617,3.2510209782690005
2,01055,Etowah,4.2033569177645935,3.411735178154206
2,01021,Chilton,4.490269049978976,3.0872129288798966
2,01031,Coffee,3.3555194512503284,2.701535084780589
2,01039,Covington,3.7255711104235916,2.604914700255102
2,01067,Henry,3.097476888151153,2.620351299452862
3,01027,Clay,2.0042597734950625,1.912653073742615
3,01091,Marengo,1.6989645065091894,1.38551711146926
3,01049,DeKalb,2.0143272227552074,2.5349113005797443
3,01019,Cherokee,1.5487573713506217,1.8186430574194785
3,01065,Hale,1.8047508487923014,1.5637398158482143
3,01105,Perry,1.7489326619149792,1.5197094066722974
3,01033,Colbert,2.5520034539006553,1.888144417696221
3,01063,Greene,1.6866764725043168,1.6255282435636855
3,01013,Butler,1.1094957044025913,1.1711362964265835
3,01081,Lee,1.9939787050746292,1.9598425888433688
3,01097,Mobile,1.0186446110161733,0.4400229838633263
3,01057,Fayette,2.9777005025802508,2.0374529586270245
3,01017,Chambers,1.9224110111587167,2.023090223045397
3,01125,Tuscaloosa,1.9352836273014693,1.8917157706567798
3,01131,Wilcox,1.60165185143377,1.2498058344693792
3,01095,Marshall,2.295830430482018,2.1218109575203843
3,01053,Escambia,1.4019637494979644,0.7918611614707934
3,01083,Limestone,2.3536865778586167,2.232535817143992
3,01009,Blount,2.470431042328444,2.102480051556352
3,01099,Monroe,1.3108924925272887,1.0501853446283285
3,01093,Marion,3.194321176633103,2.1209008336723834
3,01085,Lowndes,1.5945042254812698,1.311729742719241
3,01037,Coosa,1.9150161382040574,1.980956755384887
3,01109,Pike,1.2264658001176005,1.1659839720441094
3,01119,Sumter,1.662268909127373,1.5241947614764897
3,01133,Winston,2.8560652304522596,2.072453695050837
3,01121,Talladega,1.993562378572407,1.9495130711324709
3,01071,Jackson,2.543312429346846,2.357774189449884
3,01003,Baldwin,1.002466779190203,0.37850655224462676
3,01011,Bullock,1.5323099795884192,1.294724911307367
3,01001,Autauga,1.8229456914718272,1.4433539193435754
3,01087,Macon,1.897699108828439,1.3685490014152033
3,01115,St. Clair,2.12138474895802,1.9090999458193512
3,01023,Choctaw,1.5876293635212864,1.0976804432116056
3,01043,Cullman,2.902636452440082,2.1038268008474574
3,01117,Shelby,1.7221446434793692,1.96687185704023
3,01047,Dallas,1.761707245768398,1.4232208228851249
3,01107,Pickens,2.0234171256173985,1.860646898925989
3,01077,Lauderdale,2.584368051806428,2.143977038388325
3,01029,Cleburne,2.071236738982903,2.0234525092993785
3,01005,Barbour,1.4836718230347166,1.1685534539473683
3,01061,Geneva,1.287937512143463,0.7613232131039047
3,01045,Dale,1.0915664577402953,0.9877298519035641
3,01123,Tallapoosa,2.059938760558625,1.9092807447139304
3,01025,Clarke,1.4547891248290796,0.9801638687189008
3,01069,Houston,1.0370594991902973,0.7513046016133957
3,01129,Washington,1.502510653126106,0.8486006726888602
3,01089,Madison,2.5117990385928484,2.3570016545357464
3,01041,Crenshaw,0.9728105283403183,1.1448522918853001
3,01015,Calhoun,1.7833155089496813,1.9541100518023082
3,01079,Lawrence,2.7505820204475047,2.1072008899806702
3,01103,Morgan,2.656731372489315,2.11587370512377
3,01075,Lamar,3.204116100199133,1.9559715403516593
3,01113,Russell,1.929072955237905,1.3567776150173612
3,01059,Franklin,2.6658131142479182,2.171357416239902
3,01035,Conecuh,1.2035224384980447,1.0702138685173628
3,01051,Elmore,1.8065516190654456,1.4831151240289548
3,01073,Jefferson,1.9811332904600316,1.9391137359527004
3,01127,Walker,2.8053235900739075,1.9832692132994185
3,01111,Randolph,2.094206453417072,1.8725355351587427
3,01101,Montgomery,1.377521439887336,1.2238461907149598
3,01007,Bibb,1.6971612951480057,1.875467242201526
3,01055,Etowah,1.8267406849393917,2.039696809287383
3,01021,Chilton,1.710933417794604,1.8442892877788357
3,01031,Coffee,1.179619150925644,1.020993022798742
3,01039,Covington,1.2396497721500521,0.9114946298121521
3,01067,Henry,1.2232529292733092,0.9686481514362374
4,01027,Clay,1.1675658405702067,0.7370307884406094
4,01091,Marengo,0.2167400881057269,0.0025696885984075467
4,01049,DeKalb,1.268033313660281,1.0117580343409844
4,01019,Cherokee,1.1384834938945751,0.6937611585745782
4,01065,Hale,0.19041916167664671,0.2318418666294643
4,01105,Perry,0.16296296296296295,0.207688155144515
4,01033,Colbert,1.1290395679155734,0.9646465922510901
4,01063,Greene,0.1380681818181818,0.4521553845909553
4,01013,Butler,0.010344827586206895,0.0
4,01081,Lee,0.559090909090909,0.5743216165682165
4,01097,Mobile,0.034194668185459805,0.0
4,01057,Fayette,1.1449623164144274,0.7068262128824235
4,01017,Chambers,1.1259032916545808,0.6443388699583268
4,01125,Tuscaloosa,0.44908793371940525,0.5972242452330508
4,01131,Wilcox,0.16839622641509436,0.0
4,01095,Marshall,0.8692345615190006,0.7590157848218185
4,01053,Escambia,0.0,0.0
4,01083,Limestone,1.0501986570726904,0.9612168134269068
4,01009,Blount,0.7656999339199527,0.7918556389210933
4,01099,Monroe,0.01404255319148936,0.0
4,01093,Marion,1.5083308341692896,0.8235495332843015
4,01085,Lowndes,0.08620689655172414,0.007964958071084547
4,01037,Coosa,0.6455696202531646,0.5618079233977754
4,01109,Pike,0.0,0.004101361873588003
4,01119,Sumter,0.2336405529953917,0.36576971294525235
4,01133,Winston,1.36445878318715,0.8479856646232058
4,01121,Talladega,1.0515067724685463,0.6527313143449344
4,01071,Jackson,1.2764855499027146,0.9668484094963492
4,01003,Baldwin,0.050914103054705104,0.0
4,01011,Bullock,0.14240506329113925,0.05811546620539421
4,01001,Autauga,0.5187096774193548,0.2736488498566981
4,01087,Macon,0.3931034482758621,0.06316874487048964
4,01115,St. Clair,1.0123315018176762,0.697506898201552
4,01023,Choctaw,0.10092165898617513,0.035628434858824075
4,01043,Cullman,1.339618159302073,0.7877534215155871
4,01117,Shelby,0.4084552186790891,0.6542900278376437
4,01047,Dallas,0.34979253112033193,0.03921927221790576
4,01107,Pickens,0.46761104095297573,0.6964283192325075
4,01077,Lauderdale,1.1608620166885972,1.004001365700349
4,01029,Cleburne,1.1220410020758784,0.8078927039476373
4,01005,Barbour,0.03679245283018868,0.0025065012480083265
4,01061,Geneva,0.060000000000000005,0.0
4,01045,Dale,0.012396694214876033,0.0
4,01123,Tallapoosa,0.8708571428571428,0.5732263365788246
4,01025,Clarke,0.05832424445465292,9.973428972667607e-05
4,01069,Houston,0.004054054054054054,0.0
4,01129,Washington,0.05403225806451613,0.0
4,01089,Madison,1.1842802043177272,0.8786132044071774
4,01041,Crenshaw,0.0,0.0
4,01015,Calhoun,1.1714937169500341,0.7222741582124925
4,01079,Lawrence,1.238166710991041,0.9770030228133054
4,01103,Morgan,1.1026031917019528,0.7814084811990698
4,01075,Lamar,1.0912508136704648,0.697977070772914
4,01113,Russell,0.3294117647058823,0.04478485495955856
4,01059,Franklin,1.2984762988333594,1.0172719278572202
4,01035,Conecuh,0.0,0.0
4,01051,Elmore,0.3335526315789473,0.2742911818337306
4,01073,Jefferson,0.4994906268415544,0.70414562410894
4,01127,Walker,1.1873063188690474,0.6926767464571221
4,01111,Randolph,1.091895545115689,0.6890728140455488
4,01101,Montgomery,0.0,0.0018728774018082883
4,01007,Bibb,0.09615384615384616,0.5468719318054309
4,01055,Etowah,1.1311325177885574,0.7520965453938585
4,01021,Chilton,0.4233128834355828,0.5315268830972865
4,01031,Coffee,0.004195804195804196,0.0
4,01039,Covington,0.0,0.0
4,01067,Henry,0.029999999999999995,0.0
5,01027,Clay,0.0,0.0
5,01091,Marengo,0.0,0.0
5,01049,DeKalb,0.0,0.0
5,01019,Cherokee,0.0,0.0
5,01065,Hale,0.0,0.0
5,01105,Perry,0.0,0.0
5,01033,Colbert,0.0,0.0
5,01063,Greene,0.0,0.0
5,01013,Butler,0.0,0.0
5,01081,Lee,0.0,0.0
5,01097,Mobile,0.0,0.0
5,01057,Fayette,0.0,0.0
5,01017,Chambers,0.0,0.0
5,01125,Tuscaloosa,0.0,0.0
5,01131,Wilcox,0.0,0.0
5,01095,Marshall,0.0,0.0
5,01053,Escambia,0.0,0.0
5,01083,Limestone,0.0,0.0
5,01009,Blount,0.0,0.0
5,01099,Monroe,0.0,0.0
5,01093,Marion,0.0,0.0
5,01085,Lowndes,0.0,0.0
5,01037,Coosa,0.0,0.0
5,01109,Pike,0.0,0.0
5,01119,Sumter,0.0,0.0
5,01133,Winston,0.0,0.0
5,01121,Talladega,0.0,0.0
5,01071,Jackson,0.0,0.0
5,01003,Baldwin,0.0,0.0
5,01011,Bullock,0.0,0.0
5,01001,Autauga,0.0,0.0
5,01087,Macon,0.0,0.0
5,01115,St. Clair,0.0,0.0
5,01023,Choctaw,0.0,0.0
5,01043,Cullman,0.0,0.0
5,01117,Shelby,0.0,0.0
5,01047,Dallas,0.0,0.0
5,01107,Pickens,0.0,0.0
5,01077,Lauderdale,0.0,0.0
5,01029,Cleburne,0.0,0.0
5,01005,Barbour,0.0,0.0
5,01061,Geneva,0.0,0.0
5,01045,Dale,0.0,0.0
5,01123,Tallapoosa,0.0,0.0
5,01025,Clarke,0.0,0.0
5,01069,Houston,0.0,0.0
5,01129,Washington,0.0,0.0
5,01089,Madison,0.0,0.0
5,01041,Crenshaw,0.0,0.0
5,01015,Calhoun,0.0,0.0
5,01079,Lawrence,0.0,0.0
5,01103,Morgan,0.0,0.0
5,01075,Lamar,0.0,0.0
5,01113,Russell,0.0,0.0
5,01059,Franklin,0.0,0.0
5,01035,Conecuh,0.0,0.0
5,01051,Elmore,0.0,0.0
5,01073,Jefferson,0.0,0.0
5,01127,Walker,0.0,0.0
5,01111,Randolph,0.0,0.0
5,01101,Montgomery,0.0,0.0
5,01007,Bibb,0.0,0.0
5,01055,Etowah,0.0,0.0
5,01021,Chilton,0.0,0.0
5,01031,Coffee,0.0,0.0
5,01039,Covington,0.0,0.0
5,01067,Henry,0.0,0.0
6,01027,Clay,0.0,0.0
6,01091,Marengo,0.0,0.0
6,01049,DeKalb,0.0,0.0
6,01019,Cherokee,0.0,0.0
6,01065,Hale,0.0,0.0
6,01105,Perry,0.0,0.0
6,01033,Colbert,0.0,0.0
6,01063,Greene,0.0,0.0
6,01013,Butler,0.0,0.0
6,01081,Lee,0.0,0.0
6,01097,Mobile,0.0,0.0
6,01057,Fayette,0.0,0.0
6,01017,Chambers,0.0,0.0
6,01125,Tuscaloosa,0.0,0.0
6,01131,Wilcox,0.0,0.0
6,01095,Marshall,0.0,0.0
6,01053,Escambia,0.0,0.0
6,01083,Limestone,0.0,0.0
6,01009,Blount,0.0,0.0
6,01099,Monroe,0.0,0.0
6,01093,Marion,0.0,0.0
6,01085,Lowndes,0.0,0.0
6,01037,Coosa,0.0,0.0
6,01109,Pike,0.0,0.0
6,01119,Sumter,0.0,0.0
6,01133,Winston,0.0,0.0
6,01121,Talladega,0.0,0.0
6,01071,Jackson,0.0,0.0
6,01003,Baldwin,0.0,0.0
6,01011,Bullock,0.0,0.0
6,01001,Autauga,0.0,0.0
6,01087,Macon,0.0,0.0
6,01115,St. Clair,0.0,0.0
6,01023,Choctaw,0.0,0.0
6,01043,Cullman,0.0,0.0
6,01117,Shelby,0.0,0.0
6,01047,Dallas,0.0,0.0
6,01107,Pickens,0.0,0.0
6,01077,Lauderdale,0.0,0.0
6,01029,Cleburne,0.0,0.0
6,01005,Barbour,0.0,0.0
6,01061,Geneva,0.0,0.0
6,01045,Dale,0.0,0.0
6,01123,Tallapoosa,0.0,0.0
6,01025,Clarke,0.0,0.0
6,01069,Houston,0.0,0.0
6,01129,Washington,0.0,0.0
6,01089,Madison,0.0,0.0
6,01041,Crenshaw,0.0,0.0
6,01015,Calhoun,0.0,0.0
6,01079,Lawrence,0.0,0.0
6,01103,Morgan,0.0,0.0
6,01075,Lamar,0.0,0.0
6,01113,Russell,0.0,0.0
6,01059,Franklin,0.0,0.0
6,01035,Conecuh,0.0,0.0
6,01051,Elmore,0.0,0.0
6,01073,Jefferson,0.0,0.0
6,01127,Walker,0.0,0.0
6,01111,Randolph,0.0,0.0
6,01101,Montgomery,0.0,0.0
6,01007,Bibb,0.0,0.0
6,01055,Etowah,0.0,0.0
6,01021,Chilton,0.0,0.0
6,01031,Coffee,0.0,0.0
6,01039,Covington,0.0,0.0
6,01067,Henry,0.0,0.0
7,01027,Clay,0.0,0.0
7,01091,Marengo,0.0,0.0
7,01049,DeKalb,0.0,0.0
7,01019,Cherokee,0.0,0.0
7,01065,Hale,0.0,0.0
7,01105,Perry,0.0,0.0
7,01033,Colbert,0.0,0.0
7,01063,Greene,0.0,0.0
7,01013,Butler,0.0,0.0
7,01081,Lee,0.0,0.0
7,01097,Mobile,0.0,0.0
7,01057,Fayette,0.0,0.0
7,01017,Chambers,0.0,0.0
7,01125,Tuscaloosa,0.0,0.0
7,01131,Wilcox,0.0,0.0
7,01095,Marshall,0.0,0.0
7,01053,Escambia,0.0,0.0
7,01083,Limestone,0.0,0.0
7,01009,Blount,0.0,0.0
7,01099,Monroe,0.0,0.0
7,01093,Marion,0.0,0.0
7,01085,Lowndes,0.0,0.0
7,01037,Coosa,0.0,0.0
7,01109,Pike,0.0,0.0
7,01119,Sumter,0.0,0.0
7,01133,Winston,0.0,0.0
7,01121,Talladega,0.0,0.0
7,01071,Jackson,0.0,0.0
7,01003,Baldwin,0.0,0.0
7,01011,Bullock,0.0,0.0
7,01001,Autauga,0.0,0.0
7,01087,Macon,0.0,0.0
7,01115,St. Clair,0.0,0.0
7,01023,Choctaw,0.0,0.0
7,01043,Cullman,0.0,0.0
7,01117,Shelby,0.0,0.0
7,01047,Dallas,0.0,0.0
7,01107,Pickens,0.0,0.0
7,01077,Lauderdale,0.0,0.0
7,01029,Cleburne,0.0,0.0
7,01005,Barbour,0.0,0.0
7,01061,Geneva,0.0,0.0
7,01045,Dale,0.0,0.0
7,01123,Tallapoosa,0.0,0.0
7,01025,Clarke,0.0,0.0
7,01069,Houston,0.0,0.0
7,01129,Washington,0.0,0.0
7,01089,Madison,0.0,0.0
7,01041,Crenshaw,0.0,0.0
7,01015,Calhoun,0.0,0.0
7,01079,Lawrence,0.0,0.0
7,01103,Morgan,0.0,0.0
7,01075,Lamar,0.0,0.0
7,01113,Russell,0.0,0.0
7,01059,Franklin,0.0,0.0
7,01035,Conecuh,0.0,0.0
7,01051,Elmore,0.0,0.0
7,01073,Jefferson,0.0,0.0
7,01127,Walker,0.0,0.0
7,01111,Randolph,0.0,0.0
7,01101,Montgomery,0.0,0.0
7,01007,Bibb,0.0,0.0
7,01055,Etowah,0.0,0.0
7,01021,Chilton,0.0,0.0
7,01031,Coffee,0.0,0.0
7,01039,Covington,0.0,0.0
7,01067,Henry,0.0,0.0
8,01027,Clay,0.0,0.0
8,01091,Marengo,0.0,0.0
8,01049,DeKalb,0.0,0.0
8,01019,Cherokee,0.0,0.0
8,01065,Hale,0.0,0.0
8,01105,Perry,0.0,0.0
8,01033,Colbert,0.0,0.0
8,01063,Greene,0.0,0.0
8,01013,Butler,0.0,0.0
8,01081,Lee,0.0,0.0
8,01097,Mobile,0.0,0.0
8,01057,Fayette,0.0,0.0
8,01017,Chambers,0.0,0.0
8,01125,Tuscaloosa,0.0,0.0
8,01131,Wilcox,0.0,0.0
8,01095,Marshall,0.0,0.0
8,01053,Escambia,0.0,0.0
8,01083,Limestone,0.0,0.0
8,01009,Blount,0.0,0.0
8,01099,Monroe,0.0,0.0
8,01093,Marion,0.0,0.0
8,01085,Lowndes,0.0,0.0
8,01037,Coosa,0.0,0.0
8,01109,Pike,0.0,0.0
8,01119,Sumter,0.0,0.0
8,01133,Winston,0.0,0.0
8,01121,Talladega,0.0,0.0
8,01071,Jackson,0.0,0.0
8,01003,Baldwin,0.0,0.0
8,01011,Bullock,0.0,0.0
8,01001,Autauga,0.0,0.0
8,01087,Macon,0.0,0.0
8,01115,St. Clair,0.0,0.0
8,01023,Choctaw,0.0,0.0
8,01043,Cullman,0.0,0.0
8,01117,Shelby,0.0,0.0
8,01047,Dallas,0.0,0.0
8,01107,Pickens,0.0,0.0
8,01077,Lauderdale,0.0,0.0
8,01029,Cleburne,0.0,0.0
8,01005,Barbour,0.0,0.0
8,01061,Geneva,0.0,0.0
8,01045,Dale,0.0,0.0
8,01123,Tallapoosa,0.0,0.0
8,01025,Clarke,0.0,0.0
8,01069,Houston,0.0,0.0
8,01129,Washington,0.0,0.0
8,01089,Madison,0.0,0.0
8,01041,Crenshaw,0.0,0.0
8,01015,Calhoun,0.0,0.0
8,01079,Lawrence,0.0,0.0
8,01103,Morgan,0.0,0.0
8,01075,Lamar,0.0,0.0
8,01113,Russell,0.0,0.0
8,01059,Franklin,0.0,0.0
8,01035,Conecuh,0.0,0.0
8,01051,Elmore,0.0,0.0
8,01073,Jefferson,0.0,0.0
8,01127,Walker,0.0,0.0
8,01111,Randolph,0.0,0.0
8,01101,Montgomery,0.0,0.0
8,01007,Bibb,0.0,0.0
8,01055,Etowah,0.0,0.0
8,01021,Chilton,0.0,0.0
8,01031,Coffee,0.0,0.0
8,01039,Covington,0.0,0.0
8,01067,Henry,0.0,0.0
9,01027,Clay,0.0,0.0
9,01091,Marengo,0.0,0.0
9,01049,DeKalb,0.0,0.0
9,01019,Cherokee,0.0,0.0
9,01065,Hale,0.0,0.0
9,01105,Perry,0.0,0.0
9,01033,Colbert,0.0,0.0
9,01063,Greene,0.0,0.0
9,01013,Butler,0.0,0.0
9,01081,Lee,0.0,0.0
9,01097,Mobile,0.0,0.0
9,01057,Fayette,0.0,0.0
9,01017,Chambers,0.0,0.0
9,01125,Tuscaloosa,0.0,0.0
9,01131,Wilcox,0.0,0.0
9,01095,Marshall,0.0,0.0
9,01053,Escambia,0.0,0.0
9,01083,Limestone,0.0,0.0
9,01009,Blount,0.0,0.0
9,01099,Monroe,0.0,0.0
9,01093,Marion,0.0,0.0
9,01085,Lowndes,0.0,0.0
9,01037,Coosa,0.0,0.0
9,01109,Pike,0.0,0.0
9,01119,Sumter,0.0,0.0
9,01133,Winston,0.0,0.0
9,01121,Talladega,0.0,0.0
9,01071,Jackson,0.0,0.0
9,01003,Baldwin,0.0,0.0
9,01011,Bullock,0.0,0.0
9,01001,Autauga,0.0,0.0
9,01087,Macon,0.0,0.0
9,01115,St. Clair,0.0,0.0
9,01023,Choctaw,0.0,0.0
9,01043,Cullman,0.0,0.0
9,01117,Shelby,0.0,0.0
9,01047,Dallas,0.0,0.0
9,01107,Pickens,0.0,0.0
9,01077,Lauderdale,0.0,0.0
9,01029,Cleburne,0.0,0.0
9,01005,Barbour,0.0,0.0
9,01061,Geneva,0.0,0.0
9,01045,Dale,0.0,0.0
9,01123,Tallapoosa,0.0,0.0
9,01025,Clarke,0.0,0.0
9,01069,Houston,0.0,0.0
9,01129,Washington,0.0,0.0
9,01089,Madison,0.0,0.0
9,01041,Crenshaw,0.0,0.0
9,01015,Calhoun,0.0,0.0
9,01079,Lawrence,0.0,0.0
9,01103,Morgan,0.0,0.0
9,01075,Lamar,0.0,0.0
9,01113,Russell,0.0,0.0
9,01059,Franklin,0.0,0.0
9,01035,Conecuh,0.0,0.0
9,01051,Elmore,0.0,0.0
9,01073,Jefferson,0.0,0.0
9,01127,Walker,0.0,0.0
9,01111,Randolph,0.0,0.0
9,01101,Montgomery,0.0,0.0
9,01007,Bibb,0.0,0.0
9,01055,Etowah,0.0,0.0
9,01021,Chilton,0.0,0.0
9,01031,Coffee,0.0,0.0
9,01039,Covington,0.0,0.0
9,01067,Henry,0.0,0.0
10,01027,Clay,1.0198874478532949,0.3626093318806359
10,01091,Marengo,0.6865705422568318,0.0
10,01049,DeKalb,0.9628282058606427,0.6027344443253077
10,01019,Cherokee,0.98045837085304,0.3933448089412385
10,01065,Hale,0.826708731518528,0.0003779644625527518
10,01105,Perry,0.76410132610095,0.00034378264525328255
10,01033,Colbert,0.9026109504908109,0.427939304085665
10,01063,Greene,0.8338197825708494,0.0012547601529253208
10,01013,Butler,0.2063218390804598,0.0
10,01081,Lee,0.5468389367412507,0.13349750797923018
10,01097,Mobile,0.2408602150537635,0.0
10,01057,Fayette,0.9802824965617037,0.4303126801397533
10,01017,Chambers,1.0801392559587943,0.2806731677446209
10,01125,Tuscaloosa,0.7647638500586657,0.24054787845934852
10,01131,Wilcox,0.769883668058805,0.0
10,01095,Marshall,0.7155342535668209,0.3602563661409799
10,01053,Escambia,0.22972869283519676,0.0
10,01083,Limestone,1.0393998481624918,0.49606799848431826
10,01009,Blount,0.8770481814740074,0.4188996819447372
10,01099,Monroe,0.3899576860015052,0.0
10,01093,Marion,1.1186720948490183,0.4334077410060403
10,01085,Lowndes,0.5733493636847858,0.0
10,01037,Coosa,0.7728749415495868,0.011752261145640227
10,01109,Pike,0.034756097560975606,0.0
10,01119,Sumter,0.7435672814035738,0.0
10,01133,Winston,0.9884927922428092,0.47803380500756953
10,01121,Talladega,0.9412513946275596,0.19996066227830417
10,01071,Jackson,1.0272043096045422,0.5803477897859276
10,01003,Baldwin,0.08139120968915316,0.0
10,01011,Bullock,0.30759493670886073,0.0
10,01001,Autauga,0.8058554475967992,0.0
10,01087,Macon,0.49807542945675765,0.0
10,01115,St. Clair,0.898515073964555,0.3543957191825713
10,01023,Choctaw,0.7465437788018433,0.006935306285556994
10,01043,Cullman,0.9603496670283477,0.42546596573282386
10,01117,Shelby,0.5448006632624751,0.18717196760506466
10,01047,Dallas,0.8294846571241421,0.0
10,01107,Pickens,0.8580686729720025,0.21389721181229396
10,01077,Lauderdale,1.0401642964431272,0.4554569457388166
10,01029,Cleburne,0.9659446872174986,0.4426877088528041
10,01005,Barbour,0.26943838335485776,0.0
10,01061,Geneva,0.26461918145322316,0.0
10,01045,Dale,0.04214876033057851,0.0
10,01123,Tallapoosa,0.8535062561001252,0.026078329513322063
10,01025,Clarke,0.6880473334324981,0.0
10,01069,Houston,0.012162162162162161,0.0
10,01129,Washington,0.7985496468699326,0.0
10,01089,Madison,0.98966377458526,0.5433261789006295
10,01041,Crenshaw,0.01048951048951049,0.0
10,01015,Calhoun,0.9941020395038656,0.3897992689832509
10,01079,Lawrence,0.9799284773463,0.4352261572769008
10,01103,Morgan,0.9176834898546702,0.42008208290090715
10,01075,Lamar,0.9029851543619913,0.40229918524881747
10,01113,Russell,0.6127192710577115,0.0
10,01059,Franklin,0.9669893409281409,0.5168942706267131
10,01035,Conecuh,0.20900473933649288,0.0
10,01051,Elmore,0.5414534024774607,0.0
10,01073,Jefferson,0.5954328175549718,0.37681496155337973
10,01127,Walker,0.9855021550274888,0.42608157135719477
10,01111,Randolph,0.851060939682601,0.3604056644987436
10,01101,Montgomery,0.3523644728001403,0.0
10,01007,Bibb,0.4353447899834884,0.057791695631884445
10,01055,Etowah,1.014202824994973,0.38876627984448014
10,01021,Chilton,0.5478229996473116,0.047682545260324574
10,01031,Coffee,0.01048951048951049,0.0
10,01039,Covington,0.08836206896551724,0.0
10,01067,Henry,0.11785714285714285,0.0
11,01027,Clay,2.4379923279638014,2.1939290364583335
11,01091,Marengo,2.1595398674312603,1.5550407166618103
11,01049,DeKalb,2.7919047594083506,2.718841278321699
11,01019,Cherokee,2.675705273723811,2.204069060343175
11,01065,Hale,2.266254585871614,1.7185562220982142
11,01105,Perry,2.2162650309968153,1.6545887270984927
11,01033,Colbert,3.183085232487929,2.211470209166061
11,01063,Greene,2.263281354827534,1.750465521256775
11,01013,Butler,1.7183169296385867,1.2426798885143493
11,01081,Lee,2.1350262822763053,1.7816570002858232
11,01097,Mobile,1.2193240266030545,0.6208736310950765
11,01057,Fayette,2.8499214767449366,2.281008642021596
11,01017,Chambers,2.2655523661477313,1.8603841966819041
11,01125,Tuscaloosa,2.6363537616719754,2.0613212283721754
11,01131,Wilcox,2.2917413600866414,1.399748731779572
11,01095,Marshall,2.6466437207176825,2.49104827187682
11,01053,Escambia,1.857451957716996,1.2910716955741626
11,01083,Limestone,2.8957342491032616,2.3814073613423123
11,01009,Blount,2.628274811607554,2.8016661396852163
11,01099,Monroe,1.8698095632985667,1.3031041974852071
11,01093,Marion,3.0571889434992285,2.444468705010641
11,01085,Lowndes,2.3644447507839375,1.4215185035585733
11,01037,Coosa,2.2168391021483758,1.7635651152012712
11,01109,Pike,1.6819698229476583,1.16482244618447
11,01119,Sumter,2.1950938207312576,1.7975154856607216
11,01133,Winston,3.00122532269645,2.502137690639952
11,01121,Talladega,2.5587978669489315,1.9722572971711005
11,01071,Jackson,2.9093394334231237,2.557232461417192
11,01003,Baldwin,1.2043038562224513,0.5860634352611509
11,01011,Bullock,2.060744552199818,1.3898713485054348
11,01001,Autauga,2.4923419565473655,1.5371909067543452
11,01087,Macon,2.300824459665756,1.3409226018561307
11,01115,St. Clair,2.616317494257266,2.4306419423762584
11,01023,Choctaw,2.1230014824165093,1.6476938348067434
11,01043,Cullman,3.1997211855645773,2.759076829222155
11,01117,Shelby,2.5088875656375818,1.9613909841954023
11,01047,Dallas,2.4214943073648403,1.4862833997681681
11,01107,Pickens,2.81835684410238,2.062023764820821
11,01077,Lauderdale,2.8672727315557576,2.3685078422430204
11,01029,Cleburne,3.223397568454577,2.2484768754598594
11,01005,Barbour,1.4782374172606114,1.0514936266447368
11,01061,Geneva,1.6347260028987496,1.046741215461615
11,01045,Dale,1.280584430670535,1.045440382391499
11,01123,Tallapoosa,2.2732972446272557,1.755048488028607
11,01025,Clarke,1.8921404476538803,1.3477643315553378
11,01069,Houston,1.0779042109634935,0.990869856346702
11,01129,Washington,1.7680471723630793,1.344728478694702
11,01089,Madison,3.17847598911737,2.6575337142395457
11,01041,Crenshaw,1.7060240936727105,1.1814518259532416
11,01015,Calhoun,2.7088597083703823,2.2421435898156474
11,01079,Lawrence,2.8726961564448703,2.240248469716495
11,01103,Morgan,3.0922147729386174,2.500619961033595
11,01075,Lamar,2.8110637858082637,2.2110741097045596
11,01113,Russell,2.2974989092956792,1.1467457524052374
11,01059,Franklin,3.2268202354356883,2.3439537087961626
11,01035,Conecuh,1.8207639869116383,1.3230388293307422
11,01051,Elmore,2.2141263051761975,1.507279528601695
11,01073,Jefferson,2.7370619262588893,2.367765051052499
11,01127,Walker,2.8561865606516985,2.2989232830668604
11,01111,Randolph,2.4498327932077473,2.08808553241664
11,01101,Montgomery,2.031185906354148,1.2351010850489619
11,01007,Bibb,2.326903722550542,1.832029204536954
11,01055,Etowah,2.4851835864504968,2.5690948934516857
11,01021,Chilton,2.3607535770324097,1.736681451475789
11,01031,Coffee,1.5643820928885408,1.0383928930370927
11,01039,Covington,1.779931579273999,1.0817803151089982
11,01067,Henry,1.1895091529887736,0.9915676951809764
12,01027,Clay,2.978944420481335,3.418494684779229
12,01091,Marengo,3.5928952068521407,3.245776575854701
12,01049,DeKalb,3.2738173353217372,3.313849301570634
12,01019,Cherokee,3.1289575478263894,2.832177434815951
12,01065,Hale,3.4703012067055927,3.238907087053571
12,01105,Perry,3.4456164617742915,3.2764412925545736
12,01033,Colbert,2.883177133320849,3.090675531431686
12,01063,Greene,3.5554608952681876,3.2271407626185638
12,01013,Butler,3.7887983573249646,2.6542676409419843
12,01081,Lee,3.3682308227550903,3.1216141863567075
12,01097,Mobile,2.9205176138491162,1.7915184155169799
12,01057,Fayette,3.0935576943532883,3.0882878111877625
12,01017,Chambers,2.8086142449295073,3.1880430820460277
12,01125,Tuscaloosa,3.4725231295834655,3.0501230358403957
12,01131,Wilcox,3.756553384895834,3.0652977860213926
12,01095,Marshall,3.4887756342234284,2.7352929801252186
12,01053,Escambia,3.6804739692682085,2.648023590136563
12,01083,Limestone,3.154502640675898,3.252178349160109
12,01009,Blount,3.681128653679982,2.994287466185357
12,01099,Monroe,3.577954497033678,2.653957570092918
12,01093,Marion,2.4211088823208144,3.140637958891462
12,01085,Lowndes,3.735148873246612,3.0039594240837695
12,01037,Coosa,3.2216026850509585,3.39752907618291
12,01109,Pike,3.8305476488760752,2.737631676296505
12,01119,Sumter,3.4915282761321818,3.2154767145064858
12,01133,Winston,3.058048236330009,2.7955941378214715
12,01121,Talladega,3.067442903690154,3.2427804129464284
12,01071,Jackson,3.405039509659461,3.0727394830733488
12,01003,Baldwin,3.0223953717442518,1.7294298969407211
12,01011,Bullock,3.600478490039365,2.907519059480676
12,01001,Autauga,3.752746507941655,3.206937594564711
12,01087,Macon,3.7974451195446033,2.994250736483364
12,01115,St. Clair,2.9637145588375122,2.99896608903104
12,01023,Choctaw,3.5362193789077287,3.083886799059416
12,01043,Cullman,3.26470413848354,2.858881516722155
12,01117,Shelby,3.4600793335039723,3.2916132363505746
12,01047,Dallas,3.720545352834541,3.1818775578397047
12,01107,Pickens,3.3058411868282427,2.8483646835787964
12,01077,Lauderdale,2.935213230686764,3.186453293543782
12,01029,Cleburne,3.1610920008517014,3.3739436008011774
12,01005,Barbour,3.4141474205334013,2.5873712993421054
12,01061,Geneva,3.71644672014893,2.738742709712111
12,01045,Dale,3.501984290816364,2.6003747708475444
12,01123,Tallapoosa,2.892854678353421,3.042049275108831
12,01025,Clarke,3.487606428492683,2.821261379485826
12,01069,Houston,3.019340260483253,2.610693836522801
12,01129,Washington,3.481361355981364,2.857879322935248
12,01089,Madison,3.396952611892641,3.203842931514164
12,01041,Crenshaw,3.771814299702948,2.68129931397699
12,01015,Calhoun,2.8893557066404623,3.077188542135042
12,01079,Lawrence,3.113463260208131,3.096484375
12,01103,Morgan,3.1205878524304436,2.961280738295664
12,01075,Lamar,2.743720364841515,3.0101951428737594
12,01113,Russell,3.5369455580194855,2.861193621600116
12,01059,Franklin,2.7800628798251563,3.2230304205135605
12,01035,Conecuh,3.8106509649181866,2.5971597679300955
12,01051,Elmore,3.614718910402728,3.0312080685028246
12,01073,Jefferson,3.6178232457762967,3.1622646553170077
12,01127,Walker,3.437692962335475,3.0976517078488373
12,01111,Randolph,3.130091110987493,3.2131165368738035
12,01101,Montgomery,3.910309034292806,2.986668470165762
12,01007,Bibb,3.2706416300909544,3.2223590734403054
12,01055,Etowah,3.111226320532469,3.015290569717957
12,01021,Chilton,3.3316398552040263,3.243471429968036
12,01031,Coffee,3.729709365760075,2.599918703544883
12,01039,Covington,3.9425114503697354,2.6221275655148424
12,01067,Henry,3.573715585326446,2.4972205781776093
