month,GEOID,county,gridmet_hsd_mean,nldas3_hsd_mean
1,01027,Clay,0.0,0.0
1,01091,Marengo,0.0,0.0
1,01049,DeKalb,0.0,0.0
1,01019,Cherokee,0.0,0.0
1,01065,Hale,0.0,0.0
1,01105,Perry,0.0,0.0
1,01033,Colbert,0.0,0.0
1,01063,Greene,0.0,0.0
1,01013,Butler,0.0,0.0
1,01081,Lee,0.0,0.0
1,01097,Mobile,0.0,0.0
1,01057,Fayette,0.0,0.0
1,01017,Chambers,0.0,0.0
1,01125,Tuscaloosa,0.0,0.0
1,01131,Wilcox,0.0,0.0
1,01095,Marshall,0.0,0.0
1,01053,Escambia,0.0,0.0
1,01083,Limestone,0.0,0.0
1,01009,Blount,0.0,0.0
1,01099,Monroe,0.0,0.0
1,01093,Marion,0.0,0.0
1,01085,Lowndes,0.0,0.0
1,01037,Coosa,0.0,0.0
1,01109,Pike,0.0,0.0
1,01119,Sumter,0.0,0.0
1,01133,Winston,0.0,0.0
1,01121,Talladega,0.0,0.0
1,01071,Jackson,0.0,0.0
1,01003,Baldwin,0.0,0.0
1,01011,Bullock,0.0,0.0
1,01001,Autauga,0.0,0.0
1,01087,Macon,0.0,0.0
1,01115,St. Clair,0.0,0.0
1,01023,Choctaw,0.0,0.0
1,01043,Cullman,0.0,0.0
1,01117,Shelby,0.0,0.0
1,01047,Dallas,0.0,0.0
1,01107,Pickens,0.0,0.0
1,01077,Lauderdale,0.0,0.0
1,01029,Cleburne,0.0,0.0
1,01005,Barbour,0.0,0.0
1,01061,Geneva,0.0,0.0
1,01045,Dale,0.0,0.0
1,01123,Tallapoosa,0.0,0.0
1,01025,Clarke,0.0,0.0
1,01069,Houston,0.0,0.0
1,01129,Washington,0.0,0.0
1,01089,Madison,0.0,0.0
1,01041,Crenshaw,0.0,0.0
1,01015,Calhoun,0.0,0.0
1,01079,Lawrence,0.0,0.0
1,01103,Morgan,0.0,0.0
1,01075,Lamar,0.0,0.0
1,01113,Russell,0.0,0.0
1,01059,Franklin,0.0,0.0
1,01035,Conecuh,0.0,0.0
1,01051,Elmore,0.0,0.0
1,01073,Jefferson,0.0,0.0
1,01127,Walker,0.0,0.0
1,01111,Randolph,0.0,0.0
1,01101,Montgomery,0.0,0.0
1,01007,Bibb,0.0,0.0
1,01055,Etowah,0.0,0.0
1,01021,Chilton,0.0,0.0
1,01031,Coffee,0.0,0.0
1,01039,Covington,0.0,0.0
1,01067,Henry,0.0,0.0
2,01027,Clay,0.0,0.0
2,01091,Marengo,0.0,0.0
2,01049,DeKalb,0.0,0.0
2,01019,Cherokee,0.0,0.0
2,01065,Hale,0.0,0.0
2,01105,Perry,0.0,0.0
2,01033,Colbert,0.0,0.0
2,01063,Greene,0.0,0.0
2,01013,Butler,0.0,0.0
2,01081,Lee,0.0,0.0
2,01097,Mobile,0.002508960573476703,0.0
2,01057,Fayette,0.0,0.0
2,01017,Chambers,0.0,0.0
2,01125,Tuscaloosa,0.0,0.0
2,01131,Wilcox,0.0,0.0
2,01095,Marshall,0.0,0.0
2,01053,Escambia,0.005454545454545454,0.0
2,01083,Limestone,0.0,0.0
2,01009,Blount,0.0,0.0
2,01099,Monroe,0.004680851063829788,0.0007396449704142012
2,01093,Marion,0.0,0.0
2,01085,Lowndes,0.0,0.0
2,01037,Coosa,0.0,0.0
2,01109,Pike,0.0,0.0
2,01119,Sumter,0.0,0.0
2,01133,Winston,0.0,0.0
2,01121,Talladega,0.001081081081081081,0.0
2,01071,Jackson,0.0,0.0
2,01003,Baldwin,0.0,0.0
2,01011,Bullock,0.0,0.0
2,01001,Autauga,0.0,0.0
2,01087,Macon,0.0,0.0
2,01115,St. Clair,0.0,0.0
2,01023,Choctaw,0.002304147465437788,0.0
2,01043,Cullman,0.0,0.0
2,01117,Shelby,0.0005154639175257732,0.0
2,01047,Dallas,0.0,0.0
2,01107,Pickens,0.005339805825242719,0.0
2,01077,Lauderdale,0.0,0.0
2,01029,Cleburne,0.0,0.0
2,01005,Barbour,0.01320754716981132,0.0
2,01061,Geneva,0.010714285714285714,0.0
2,01045,Dale,0.015702479338842976,0.0
2,01123,Tallapoosa,0.0,0.0
2,01025,Clarke,0.0,0.0
2,01069,Houston,0.03716216216216217,0.0
2,01129,Washington,0.0,0.0
2,01089,Madison,0.0,0.0
2,01041,Crenshaw,0.0,0.0
2,01015,Calhoun,0.0,0.0
2,01079,Lawrence,0.0,0.0
2,01103,Morgan,0.0,0.0
2,01075,Lamar,0.0007092198581560284,0.0
2,01113,Russell,0.0,0.0
2,01059,Franklin,0.0,0.0
2,01035,Conecuh,0.017535545023696683,0.0
2,01051,Elmore,0.0,0.0
2,01073,Jefferson,0.0,0.0
2,01127,Walker,0.0,0.0
2,01111,Randolph,0.0,0.0
2,01101,Montgomery,0.01818181818181818,0.0
2,01007,Bibb,0.0,0.0
2,01055,Etowah,0.0,0.0
2,01021,Chilton,0.0,0.0
2,01031,Coffee,0.0,0.0
2,01039,Covington,0.0060344827586206904,0.0
2,01067,Henry,0.012857142857142857,0.0
3,01027,Clay,0.10684931506849314,0.0
3,01091,Marengo,0.4656387665198238,0.0
3,01049,DeKalb,0.015544041450777202,0.0
3,01019,Cherokee,0.08791946308724832,0.0
3,01065,Hale,0.3473053892215569,0.0
3,01105,Perry,0.35740740740740734,0.0
3,01033,Colbert,0.12251655629139073,0.0
3,01063,Greene,0.4045454545454545,0.0
3,01013,Butler,0.4804597701149425,0.02554428500742207
3,01081,Lee,0.2597402597402597,0.0
3,01097,Mobile,0.36200716845878134,0.00015160703456640388
3,01057,Fayette,0.09735099337748344,0.0
3,01017,Chambers,0.24509803921568626,0.0
3,01125,Tuscaloosa,0.21688741721854304,0.0
3,01131,Wilcox,0.4353773584905661,0.03901006711409396
3,01095,Marshall,0.09139072847682117,0.0
3,01053,Escambia,0.5936363636363636,0.019138755980861243
3,01083,Limestone,0.06099290780141844,0.0
3,01009,Blount,0.12035928143712575,0.0
3,01099,Monroe,0.4978723404255319,0.04229844674556213
3,01093,Marion,0.15164835164835166,0.0
3,01085,Lowndes,0.6149425287356322,0.016099476439790577
3,01037,Coosa,0.24430379746835443,0.0
3,01109,Pike,0.44634146341463415,0.0
3,01119,Sumter,0.5981566820276498,0.0
3,01133,Winston,0.00437956204379562,0.0
3,01121,Talladega,0.2491891891891892,0.0
3,01071,Jackson,0.03217054263565892,0.0
3,01003,Baldwin,0.2622994652406417,0.0002888837531777213
3,01011,Bullock,0.43544303797468353,0.021361714975845412
3,01001,Autauga,0.3812903225806451,0.0
3,01087,Macon,0.34206896551724136,0.0
3,01115,St. Clair,0.16606060606060605,0.0
3,01023,Choctaw,0.7783410138248849,0.0015419407894736842
3,01043,Cullman,0.07111111111111111,0.0
3,01117,Shelby,0.2608247422680412,0.0
3,01047,Dallas,0.5078838174273859,0.010030280090840272
3,01107,Pickens,0.3368932038834951,0.0
3,01077,Lauderdale,0.1096774193548387,0.0
3,01029,Cleburne,0.10709219858156027,0.0
3,01005,Barbour,0.6636792452830188,0.003789473684210526
3,01061,Geneva,0.6750000000000002,0.0
3,01045,Dale,0.5677685950413225,0.0
3,01123,Tallapoosa,0.25085714285714283,0.0
3,01025,Clarke,0.548993288590604,0.02438932448733414
3,01069,Houston,0.8587837837837838,0.0
3,01129,Washington,0.9258064516129032,0.00035676061362825543
3,01089,Madison,0.04744897959183674,0.0
3,01041,Crenshaw,0.4503496503496504,0.003498134328358209
3,01015,Calhoun,0.12129032258064519,0.0
3,01079,Lawrence,0.05337423312883435,0.0
3,01103,Morgan,0.07628205128205126,0.0
3,01075,Lamar,0.23546099290780143,0.0
3,01113,Russell,0.5254901960784314,0.0
3,01059,Franklin,0.0819277108433735,0.0
3,01035,Conecuh,0.7042654028436018,0.03376078075351793
3,01051,Elmore,0.40131578947368424,0.0
3,01073,Jefferson,0.19227799227799228,0.0
3,01127,Walker,0.11128205128205129,0.0
3,01111,Randolph,0.13138686131386862,0.0
3,01101,Montgomery,0.6903743315508021,0.00011798017932987259
3,01007,Bibb,0.30641025641025643,0.0
3,01055,Etowah,0.10942028985507245,0.0
3,01021,Chilton,0.21104294478527608,0.0
3,01031,Coffee,0.5034965034965035,0.001786735277301315
3,01039,Covington,0.753448275862069,0.003061224489795918
3,01067,Henry,0.685,0.0
4,01027,Clay,0.18424657534246575,0.04182213930348259
4,01091,Marengo,1.9405286343612336,0.1943958818958819
4,01049,DeKalb,0.13730569948186527,0.0
4,01019,Cherokee,1.074496644295302,7.668711656441718e-05
4,01065,Hale,1.7892215568862275,0.04842857142857143
4,01105,Perry,1.752469135802469,0.0035083160083160085
4,01033,Colbert,0.47019867549668876,0.0
4,01063,Greene,1.4454545454545455,0.11429539295392954
4,01013,Butler,2.483333333333333,0.28698664027709053
4,01081,Lee,1.483116883116883,0.17073170731707318
4,01097,Mobile,1.3551971326164876,0.09274560339599758
4,01057,Fayette,0.8324503311258278,0.00622375524895021
4,01017,Chambers,1.0856209150326797,0.1262610340479193
4,01125,Tuscaloosa,1.2105960264900664,0.019950564971751412
4,01131,Wilcox,2.230188679245283,0.4357172818791946
4,01095,Marshall,0.13178807947019866,0.00029120559114735004
4,01053,Escambia,2.0049999999999994,0.2967005582137161
4,01083,Limestone,0.4212765957446809,0.0
4,01009,Blount,0.21137724550898201,0.0938026981450253
4,01099,Monroe,2.0982978723404258,0.3024685650887574
4,01093,Marion,0.4000000000000001,0.005132699048572859
4,01085,Lowndes,2.25,0.24456806282722512
4,01037,Coosa,1.0841772151898734,0.0002824858757062147
4,01109,Pike,2.2658536585365856,0.4286217587373168
4,01119,Sumter,1.619815668202765,0.17455411430887718
4,01133,Winston,0.21605839416058395,0.08470394736842106
4,01121,Talladega,1.315135135135135,0.018768221574344022
4,01071,Jackson,0.1821705426356589,0.0
4,01003,Baldwin,0.8788770053475935,0.07672752484400278
4,01011,Bullock,2.260126582278481,0.4148550724637681
4,01001,Autauga,1.912258064516129,0.006362507759155804
4,01087,Macon,2.5062068965517237,0.18330252618607518
4,01115,St. Clair,0.4884848484848485,0.10612416107382551
4,01023,Choctaw,2.7082949308755757,0.15959087171052633
4,01043,Cullman,0.15166666666666667,0.07391041162227603
4,01117,Shelby,1.5953608247422681,0.018563218390804596
4,01047,Dallas,2.0892116182572615,0.20864875094625285
4,01107,Pickens,1.5490291262135922,0.04934070608251808
4,01077,Lauderdale,0.6091397849462367,0.0
4,01029,Cleburne,0.25957446808510637,0.012017658600392413
4,01005,Barbour,2.9183962264150947,0.41947368421052633
4,01061,Geneva,3.14,0.1220218398411648
4,01045,Dale,3.284297520661157,0.2519611186903138
4,01123,Tallapoosa,0.916,0.033146766169154226
4,01025,Clarke,2.4956375838926173,0.21803377563329313
4,01069,Houston,3.6905405405405403,0.36498371335504887
4,01129,Washington,3.433467741935484,0.17414377452729218
4,01089,Madison,0.27142857142857146,0.0
4,01041,Crenshaw,2.6363636363636362,0.28933457711442784
4,01015,Calhoun,0.6019354838709677,0.01866007194244604
4,01079,Lawrence,0.42024539877300615,0.0
4,01103,Morgan,0.3974358974358974,0.0
4,01075,Lamar,1.5375886524822695,0.004575062034739454
4,01113,Russell,2.9267973856209153,0.37232349537037035
4,01059,Franklin,0.24518072289156628,0.0
4,01035,Conecuh,2.356398104265403,0.3318202451202905
4,01051,Elmore,2.0375,0.0004943502824858757
4,01073,Jefferson,0.9459459459459459,0.09246058369674606
4,01127,Walker,0.6230769230769231,0.06453488372093023
4,01111,Randolph,0.47518248175182476,0.01013082322910019
4,01101,Montgomery,2.9850267379679147,0.1755545068428504
4,01007,Bibb,1.4935897435897436,7.480550568521843e-05
4,01055,Etowah,0.4942028985507246,0.022363150867823766
4,01021,Chilton,1.1662576687116564,0.0
4,01031,Coffee,2.815384615384615,0.18053173241852488
4,01039,Covington,3.9525862068965516,0.21697588126159556
4,01067,Henry,3.315,0.3718013468013468
5,01027,Clay,4.95,6.207789179104478
5,01091,Marengo,12.633480176211455,11.143308080808081
5,01049,DeKalb,3.2683937823834195,2.59879318504496
5,01019,Cherokee,7.060402684563758,4.986579754601227
5,01065,Hale,11.7125748502994,8.749785714285714
5,01105,Perry,11.876543209876543,8.581470893970893
5,01033,Colbert,7.659602649006622,1.9871366279069766
5,01063,Greene,11.53465909090909,8.65840108401084
5,01013,Butler,14.43045977011494,15.052387431964375
5,01081,Lee,9.572077922077922,8.995503048780488
5,01097,Mobile,13.166308243727597,8.101728320194058
5,01057,Fayette,8.632450331125828,4.988602279544091
5,01017,Chambers,8.258823529411764,7.962090163934426
5,01125,Tuscaloosa,10.292384105960265,6.293891242937853
5,01131,Wilcox,13.458962264150943,12.860056627516778
5,01095,Marshall,4.314569536423841,2.755314502038439
5,01053,Escambia,15.67590909090909,14.095245215311005
5,01083,Limestone,6.81063829787234,1.6758474576271187
5,01009,Blount,5.30179640718563,4.689080944350759
5,01099,Monroe,14.798723404255318,14.161473742603551
5,01093,Marion,6.912087912087912,3.0011266900350524
5,01085,Lowndes,12.86551724137931,12.884489528795811
5,01037,Coosa,8.958227848101266,6.549011299435028
5,01109,Pike,13.377439024390245,14.042629650507328
5,01119,Sumter,12.200921658986175,9.562829347385488
5,01133,Winston,5.5036496350364965,2.962245813397129
5,01121,Talladega,9.795135135135135,5.470906219630709
5,01071,Jackson,3.7682170542635656,1.9250746764022568
5,01003,Baldwin,11.944117647058825,7.891870811185579
5,01011,Bullock,12.075316455696202,13.026419082125605
5,01001,Autauga,12.040000000000001,7.946384233395406
5,01087,Macon,11.851034482758621,10.827402957486136
5,01115,St. Clair,7.547878787878787,4.704208612975392
5,01023,Choctaw,14.435023041474652,10.78674958881579
5,01043,Cullman,5.521111111111111,3.8090799031477
5,01117,Shelby,11.036082474226804,5.658620689655172
5,01047,Dallas,12.82240663900415,10.846707040121121
5,01107,Pickens,11.247087378640778,7.083740961293067
5,01077,Lauderdale,7.708064516129031,1.520748730964467
5,01029,Cleburne,4.901418439716312,5.693263570961412
5,01005,Barbour,13.953301886792454,12.524157894736842
5,01061,Geneva,15.979999999999999,12.215502978160158
5,01045,Dale,15.533884297520661,12.699266712141883
5,01123,Tallapoosa,8.214285714285714,7.612686567164179
5,01025,Clarke,14.681543624161074,12.415447828709288
5,01069,Houston,16.216891891891887,12.331677524429967
5,01129,Washington,16.458064516129035,11.870183731716018
5,01089,Madison,5.094387755102041,1.9874100719424461
5,01041,Crenshaw,14.442657342657345,14.24385883084577
5,01015,Calhoun,7.060645161290323,5.342925659472422
5,01079,Lawrence,6.70122699386503,1.7396262886597937
5,01103,Morgan,6.444230769230769,2.6485239852398523
5,01075,Lamar,10.364539007092198,5.223325062034739
5,01113,Russell,13.20392156862745,11.721715856481481
5,01059,Franklin,6.254819277108433,1.7996249278707444
5,01035,Conecuh,15.710426540284361,14.730878347707671
5,01051,Elmore,10.92236842105263,7.798022598870056
5,01073,Jefferson,8.93938223938224,5.367745722911774
5,01127,Walker,7.851794871794873,5.190058139534884
5,01111,Randolph,5.861313868613139,6.550973197192087
5,01101,Montgomery,13.108556149732621,12.042767815007078
5,01007,Bibb,11.471794871794872,6.726211849192101
5,01055,Etowah,6.156521739130435,4.855640854472631
5,01021,Chilton,10.55950920245399,6.60582154515778
5,01031,Coffee,15.183916083916085,13.230060034305318
5,01039,Covington,18.030172413793103,13.586595547309834
5,01067,Henry,15.217857142857143,11.48047138047138
6,01027,Clay,14.904794520547945,18.814443407960198
6,01091,Marengo,24.190748898678414,23.400301087801086
6,01049,DeKalb,12.27720207253886,12.599976336961666
6,01019,Cherokee,18.632214765100674,16.91280674846626
6,01065,Hale,23.279640718562874,21.772714285714287
6,01105,Perry,23.39567901234568,21.38864345114345
6,01033,Colbert,19.25298013245033,12.101671511627908
6,01063,Greene,23.24090909090909,22.39979674796748
6,01013,Butler,24.91494252873563,24.729280059376546
6,01081,Lee,21.192207792207796,22.84344512195122
6,01097,Mobile,24.713620071684588,19.79290479078229
6,01057,Fayette,20.986754966887418,18.2247300539892
6,01017,Chambers,19.769934640522877,21.64202395964691
6,01125,Tuscaloosa,22.52880794701987,19.514512711864406
6,01131,Wilcox,24.570283018867926,23.807833473154364
6,01095,Marshall,14.493377483443709,12.740099009900991
6,01053,Escambia,24.94636363636364,23.089463716108455
6,01083,Limestone,18.418439716312058,11.618038740920097
6,01009,Blount,15.429341317365271,16.445685778527263
6,01099,Monroe,25.029787234042555,24.244129068047336
6,01093,Marion,18.46043956043956,15.116549824737106
6,01085,Lowndes,24.228735632183906,23.831806282722514
6,01037,Coosa,20.291139240506325,19.06906779661017
6,01109,Pike,24.490853658536583,24.38740135287486
6,01119,Sumter,23.50046082949309,23.079094041345765
6,01133,Winston,16.521897810218977,14.22174043062201
6,01121,Talladega,20.64702702702703,17.763241010689992
6,01071,Jackson,12.981782945736432,11.195984069034186
6,01003,Baldwin,23.535828877005347,19.145279639473078
6,01011,Bullock,23.85506329113924,24.574199879227052
6,01001,Autauga,23.709032258064514,20.83100558659218
6,01087,Macon,23.52137931034483,23.95740911891559
6,01115,St. Clair,18.44181818181818,16.778104026845636
6,01023,Choctaw,24.980184331797233,23.466591282894736
6,01043,Cullman,16.77111111111111,15.090072639225182
6,01117,Shelby,22.5979381443299,18.21155172413793
6,01047,Dallas,24.16182572614108,22.721281226343677
6,01107,Pickens,23.948058252427185,21.065504040833687
6,01077,Lauderdale,18.952150537634406,11.609263959390862
6,01029,Cleburne,14.497163120567375,18.570879659908435
6,01005,Barbour,24.898113207547173,23.84278947368421
6,01061,Geneva,24.95357142857143,22.494540039708802
6,01045,Dale,25.31487603305785,23.723226466575717
6,01123,Tallapoosa,19.58742857142857,20.58439054726368
6,01025,Clarke,24.769463087248322,23.721313329312423
6,01069,Houston,25.383108108108107,23.010667752443
6,01129,Washington,25.779435483870966,23.25704602211916
6,01089,Madison,15.46326530612245,12.657542715827338
6,01041,Crenshaw,24.80979020979021,24.2939210199005
6,01015,Calhoun,17.905161290322578,18.600119904076738
6,01079,Lawrence,18.329447852760737,11.743943298969072
6,01103,Morgan,17.82371794871795,13.356472939729397
6,01075,Lamar,22.71418439716312,18.767524813895783
6,01113,Russell,24.644444444444446,24.351200810185187
6,01059,Franklin,17.228915662650603,12.045585689555685
6,01035,Conecuh,25.43175355450237,24.257489786654563
6,01051,Elmore,22.50328947368421,20.864194915254238
6,01073,Jefferson,20.823166023166024,18.39269540422677
6,01127,Walker,19.985128205128206,18.366220930232558
6,01111,Randolph,16.153284671532848,19.294671346522016
6,01101,Montgomery,24.984491978609622,23.76592732420953
6,01007,Bibb,22.68205128205128,19.622082585278278
6,01055,Etowah,16.679710144927537,17.27728638184246
6,01021,Chilton,22.25705521472393,19.346300326441785
6,01031,Coffee,24.727272727272727,23.70261578044597
6,01039,Covington,25.74698275862069,23.219202226345082
6,01067,Henry,25.357857142857142,23.09755892255892
7,01027,Clay,25.502739726027396,28.634017412935325
7,01091,Marengo,29.159911894273126,29.286373348873347
7,01049,DeKalb,21.880310880829015,24.93486748698533
7,01019,Cherokee,26.88389261744966,25.718098159509204
7,01065,Hale,28.862275449101798,28.988142857142858
7,01105,Perry,29.166666666666668,29.14540020790021
7,01033,Colbert,26.956953642384104,24.444622093023256
7,01063,Greene,28.733522727272728,29.06056910569106
7,01013,Butler,29.78045977011495,29.18351063829787
7,01081,Lee,28.616233766233766,29.09626524390244
7,01097,Mobile,28.84551971326165,25.74878714372347
7,01057,Fayette,27.73576158940397,28.26004799040192
7,01017,Chambers,28.106535947712413,28.501024590163933
7,01125,Tuscaloosa,28.524172185430462,28.486475988700565
7,01131,Wilcox,29.816981132075476,28.642302852348994
7,01095,Marshall,23.705960264900664,23.609129295282468
7,01053,Escambia,28.60409090909091,28.227920653907496
7,01083,Limestone,26.152482269503547,23.499470338983052
7,01009,Blount,24.389820359281437,27.691540191118605
7,01099,Monroe,29.493191489361706,28.85724852071006
7,01093,Marion,26.454395604395604,27.172571357035554
7,01085,Lowndes,30.091954022988507,28.904515706806283
7,01037,Coosa,28.112658227848108,28.49216101694915
7,01109,Pike,29.438414634146344,29.59519447576099
7,01119,Sumter,28.829493087557605,28.802340899878395
7,01133,Winston,25.048175182481753,25.45095693779904
7,01121,Talladega,28.12108108108108,27.94533527696793
7,01071,Jackson,22.181007751937983,23.17478426817126
7,01003,Baldwin,28.12272727272728,25.56884099838225
7,01011,Bullock,29.675949367088602,29.710597826086957
7,01001,Autauga,29.47870967741936,28.541666666666668
7,01087,Macon,29.826896551724136,29.777880468268638
7,01115,St. Clair,26.795151515151513,27.520903243847876
7,01023,Choctaw,29.106451612903225,28.942434210526315
7,01043,Cullman,25.01388888888889,26.213377723970943
7,01117,Shelby,28.5180412371134,28.28045977011494
7,01047,Dallas,29.63402489626556,28.708979939439818
7,01107,Pickens,28.888349514563107,28.771108039132283
7,01077,Lauderdale,26.894623655913975,23.75019035532995
7,01029,Cleburne,25.24113475177305,28.65295945062132
7,01005,Barbour,29.371698113207547,28.410315789473685
7,01061,Geneva,29.17000000000001,27.792273328921244
7,01045,Dale,29.354545454545455,28.893332196452935
7,01123,Tallapoosa,28.306857142857147,27.771082089552237
7,01025,Clarke,29.26006711409396,28.715168878166466
7,01069,Houston,29.407432432432426,27.553664495114006
7,01129,Washington,29.244758064516127,28.22297538351766
7,01089,Madison,24.22091836734694,24.90355215827338
7,01041,Crenshaw,29.61258741258741,29.308768656716417
7,01015,Calhoun,26.957419354838713,28.541591726618705
7,01079,Lawrence,25.916564417177916,24.196456185567012
7,01103,Morgan,25.432692307692314,24.852014145141453
7,01075,Lamar,28.42978723404255,28.114996898263026
7,01113,Russell,29.618954248366013,29.43402777777778
7,01059,Franklin,25.795783132530122,25.569676860934795
7,01035,Conecuh,29.6345971563981,28.737063095778485
7,01051,Elmore,29.317105263157895,28.100564971751414
7,01073,Jefferson,27.7972972972973,28.58570949345857
7,01127,Walker,27.23846153846154,28.1
7,01111,Randolph,26.07445255474453,28.20899808551372
7,01101,Montgomery,30.062032085561498,29.515042472864558
7,01007,Bibb,28.816025641025643,29.013689407540394
7,01055,Etowah,25.6268115942029,27.695176902536716
7,01021,Chilton,28.76073619631902,28.75081610446137
7,01031,Coffee,29.08041958041958,28.77994568324757
7,01039,Covington,29.735344827586207,28.119573283858998
7,01067,Henry,29.294285714285714,27.924326599326598
8,01027,Clay,21.587671232876712,26.560090174129353
8,01091,Marengo,27.644052863436123,27.918754856254857
8,01049,DeKalb,17.16528497409326,23.95362044486512
8,01019,Cherokee,23.294630872483218,23.990874233128835
8,01065,Hale,27.32574850299401,27.597285714285714
8,01105,Perry,27.546296296296298,27.48531704781705
8,01033,Colbert,23.74701986754967,23.16017441860465
8,01063,Greene,27.524431818181814,28.01537940379404
8,01013,Butler,27.386781609195403,27.520719940623454
8,01081,Lee,25.36948051948052,27.355259146341464
8,01097,Mobile,27.792831541218636,24.916502425712554
8,01057,Fayette,25.878145695364243,27.532243551289742
8,01017,Chambers,24.529411764705884,26.474069987389658
8,01125,Tuscaloosa,26.472516556291392,27.595939265536725
8,01131,Wilcox,27.760377358490565,27.218330536912752
8,01095,Marshall,19.417218543046356,22.8888322655795
8,01053,Escambia,27.618636363636362,26.8861144338118
8,01083,Limestone,22.27375886524823,22.175620460048425
8,01009,Blount,20.864071856287428,26.325885328836424
8,01099,Monroe,27.819574468085104,27.48432877218935
8,01093,Marion,24.180219780219776,26.161742613920882
8,01085,Lowndes,27.356321839080465,27.32729057591623
8,01037,Coosa,25.25506329113924,26.634675141242937
8,01109,Pike,26.79512195121951,27.67608511837655
8,01119,Sumter,27.44377880184332,27.937271990271586
8,01133,Winston,21.680291970802923,24.436378588516746
8,01121,Talladega,25.486486486486488,26.38860544217687
8,01071,Jackson,17.78488372093023,22.370934284766015
8,01003,Baldwin,26.74625668449198,24.42517910792697
8,01011,Bullock,26.468354430379748,27.952898550724637
8,01001,Autauga,27.147741935483868,26.834807572936064
8,01087,Macon,26.64275862068966,28.05067775723968
8,01115,St. Clair,23.78969696969697,25.79991610738255
8,01023,Choctaw,28.035944700460828,27.63101356907895
8,01043,Cullman,21.397222222222222,25.3182808716707
8,01117,Shelby,26.387113402061853,26.70764367816092
8,01047,Dallas,27.714937759336102,27.159301665404996
8,01107,Pickens,27.752912621359226,28.182422373458103
8,01077,Lauderdale,23.076881720430105,22.460596446700507
8,01029,Cleburne,21.20780141843972,26.139306736429038
8,01005,Barbour,26.810377358490566,27.034473684210525
8,01061,Geneva,27.938571428571432,26.71484116479153
8,01045,Dale,27.587603305785123,27.727830832196453
8,01123,Tallapoosa,24.848,25.8353855721393
8,01025,Clarke,28.085234899328857,27.48752261761158
8,01069,Houston,28.04324324324324,26.660830618892508
8,01129,Washington,28.60040322580645,27.11590260435248
8,01089,Madison,19.992857142857144,23.718974820143885
8,01041,Crenshaw,27.25314685314686,27.621424129353233
8,01015,Calhoun,23.663870967741936,26.539643285371703
8,01079,Lawrence,22.746012269938646,23.094394329896907
8,01103,Morgan,22.178846153846152,23.848477859778598
8,01075,Lamar,26.992198581560285,27.863368486352357
8,01113,Russell,26.986928104575163,27.88302951388889
8,01059,Franklin,22.653012048192767,24.66697922677438
8,01035,Conecuh,27.795734597156397,27.22571493418066
8,01051,Elmore,26.501973684210526,26.298234463276835
8,01073,Jefferson,25.35907335907336,27.2380073800738
8,01127,Walker,24.80461538461539,26.9228488372093
8,01111,Randolph,22.11021897810219,25.78198787492023
8,01101,Montgomery,27.17272727272728,27.767873997168476
8,01007,Bibb,26.837179487179483,27.252318970676242
8,01055,Etowah,22.217391304347824,25.82760347129506
8,01021,Chilton,26.386503067484664,26.873027747551685
8,01031,Coffee,27.483916083916082,27.38614922813036
8,01039,Covington,28.182758620689654,26.958580705009275
8,01067,Henry,26.885714285714286,26.76304713804714
9,01027,Clay,13.06027397260274,18.688432835820894
9,01091,Marengo,20.766519823788546,23.29215229215229
9,01049,DeKalb,10.500518134715026,15.727875059157595
9,01019,Cherokee,15.242953020134227,17.267944785276075
9,01065,Hale,19.726347305389222,22.5755
9,01105,Perry,20.618518518518517,22.45237785862786
9,01033,Colbert,15.141059602649008,16.805668604651164
9,01063,Greene,20.181818181818183,22.52947154471545
9,01013,Butler,21.05287356321839,23.433139534883722
9,01081,Lee,18.292857142857144,21.40579268292683
9,01097,Mobile,22.525089605734767,19.57478016979988
9,01057,Fayette,18.3,21.603329334133175
9,01017,Chambers,17.25751633986928,20.398329129886505
9,01125,Tuscaloosa,19.106953642384102,21.86313559322034
9,01131,Wilcox,21.991509433962268,23.052642617449663
9,01095,Marshall,11.756953642384106,15.500655212580082
9,01053,Escambia,22.050454545454546,22.042464114832537
9,01083,Limestone,14.2,15.532990314769975
9,01009,Blount,13.366467065868262,19.116779089376053
9,01099,Monroe,22.221702127659572,23.045072115384617
9,01093,Marion,16.095054945054947,19.73447671507261
9,01085,Lowndes,20.579885057471266,22.90994764397906
9,01037,Coosa,17.550000000000004,20.835522598870057
9,01109,Pike,20.632926829268293,22.890713077790306
9,01119,Sumter,20.265437788018435,22.48317794892582
9,01133,Winston,14.272262773722629,18.396979665071772
9,01121,Talladega,17.529189189189193,20.383624878522838
9,01071,Jackson,10.97984496124031,15.104007633587786
9,01003,Baldwin,21.532085561497325,18.993875664432633
9,01011,Bullock,19.780379746835443,22.566123188405797
9,01001,Autauga,20.70774193548387,21.864369956548728
9,01087,Macon,20.061379310344833,22.5965033887862
9,01115,St. Clair,15.475151515151513,19.6521951901566
9,01023,Choctaw,21.323041474654374,22.616724917763158
9,01043,Cullman,13.936666666666666,18.513498789346247
9,01117,Shelby,18.9659793814433,21.29425287356322
9,01047,Dallas,21.55850622406639,22.762679788039364
9,01107,Pickens,20.674757281553397,22.180348787749892
9,01077,Lauderdale,14.881182795698924,15.693464467005077
9,01029,Cleburne,12.643262411347516,17.815729234793984
9,01005,Barbour,20.86320754716981,21.910473684210526
9,01061,Geneva,22.005714285714287,20.979566512243547
9,01045,Dale,21.5900826446281,22.5037517053206
9,01123,Tallapoosa,17.438285714285712,20.311380597014924
9,01025,Clarke,21.798657718120804,22.712002412545235
9,01069,Houston,22.24054054054054,20.741205211726385
9,01129,Washington,22.942741935483873,22.239163396361043
9,01089,Madison,12.470408163265304,16.46818794964029
9,01041,Crenshaw,20.894405594405594,23.225046641791046
9,01015,Calhoun,15.261290322580646,19.520083932853716
9,01079,Lawrence,14.596932515337425,16.811984536082473
9,01103,Morgan,14.25,17.267758302583026
9,01075,Lamar,19.568085106382977,21.453241315136477
9,01113,Russell,20.813725490196077,22.33514178240741
9,01059,Franklin,14.318072289156628,17.861656087709175
9,01035,Conecuh,22.488151658767773,22.97775760326827
9,01051,Elmore,19.22828947368421,21.367514124293784
9,01073,Jefferson,17.26486486486486,21.41810634015431
9,01127,Walker,17.273333333333333,21.18610465116279
9,01111,Randolph,13.732846715328467,18.46801212507977
9,01101,Montgomery,20.258823529411764,22.893109957527134
9,01007,Bibb,19.51666666666667,21.935293237582286
9,01055,Etowah,14.081159420289854,18.632343124165555
9,01021,Chilton,19.416564417177913,21.37479597388466
9,01031,Coffee,21.38041958041958,22.714336763865067
9,01039,Covington,22.775,22.376716141001854
9,01067,Henry,21.169285714285714,21.29040404040404
10,01027,Clay,1.2219178082191782,4.268812189054726
10,01091,Marengo,6.094273127753304,9.56536519036519
10,01049,DeKalb,1.1129533678756476,2.324538570752485
10,01019,Cherokee,2.324832214765101,3.894861963190184
10,01065,Hale,5.586826347305388,7.805642857142857
10,01105,Perry,6.095061728395061,6.8808471933471935
10,01033,Colbert,2.875496688741722,3.434156976744186
10,01063,Greene,5.8880681818181815,9.310840108401084
10,01013,Butler,7.819540229885057,9.205405739732806
10,01081,Lee,3.1454545454545455,6.686890243902439
10,01097,Mobile,7.800716845878137,6.089144936325045
10,01057,Fayette,3.144370860927152,6.192561487702459
10,01017,Chambers,2.549673202614379,5.8072982345523325
10,01125,Tuscaloosa,3.8639072847682123,7.349682203389831
10,01131,Wilcox,6.900943396226415,9.822200083892618
10,01095,Marshall,1.5092715231788079,2.926907396622015
10,01053,Escambia,7.709090909090909,9.342254784688995
10,01083,Limestone,2.45886524822695,2.9376513317191284
10,01009,Blount,1.7999999999999998,4.211565486228218
10,01099,Monroe,7.777872340425531,9.397466715976332
10,01093,Marion,2.6868131868131866,4.626564847270906
10,01085,Lowndes,6.753448275862069,9.244175392670156
10,01037,Coosa,3.7518987341772156,5.947245762711864
10,01109,Pike,6.56219512195122,8.47498590755355
10,01119,Sumter,6.310138248847927,10.392632752330766
10,01133,Winston,2.181751824817518,3.7498504784688995
10,01121,Talladega,3.4535135135135135,5.612852283770651
10,01071,Jackson,1.3344961240310078,2.386948224361102
10,01003,Baldwin,7.182085561497328,5.4786803790154845
10,01011,Bullock,5.463924050632911,8.015700483091788
10,01001,Autauga,5.941935483870968,7.092101179391682
10,01087,Macon,5.295862068965518,7.944008009858287
10,01115,St. Clair,2.4357575757575756,4.943232662192393
10,01023,Choctaw,6.48110599078341,10.720703125
10,01043,Cullman,1.9266666666666667,3.8897094430992736
10,01117,Shelby,4.453608247422681,5.93735632183908
10,01047,Dallas,6.653526970954357,8.59145533686601
10,01107,Pickens,5.42378640776699,8.569066354742663
10,01077,Lauderdale,2.7704301075268813,3.0999365482233503
10,01029,Cleburne,1.1539007092198583,3.471631785480706
10,01005,Barbour,6.162735849056604,8.194842105263158
10,01061,Geneva,8.292142857142855,10.334298477829252
10,01045,Dale,7.7983471074380155,9.664648703956344
10,01123,Tallapoosa,3.0360000000000005,6.041604477611941
10,01025,Clarke,7.185906040268455,9.789053075995175
10,01069,Houston,8.758783783783784,10.059201954397395
10,01129,Washington,8.545564516129033,9.906082768462362
10,01089,Madison,1.8428571428571427,2.9867918165467624
10,01041,Crenshaw,7.558741258741259,8.905006218905474
10,01015,Calhoun,2.0754838709677417,4.705485611510792
10,01079,Lawrence,2.5276073619631902,3.3336340206185566
10,01103,Morgan,2.3403846153846155,3.3577029520295203
10,01075,Lamar,3.999290780141844,6.869261786600497
10,01113,Russell,5.728104575163398,8.067925347222221
10,01059,Franklin,2.4674698795180725,3.640796306982112
10,01035,Conecuh,8.227962085308057,9.42379709487063
10,01051,Elmore,5.348026315789474,7.016242937853107
10,01073,Jefferson,2.8416988416988413,6.180811808118081
10,01127,Walker,2.6917948717948716,5.91656976744186
10,01111,Randolph,1.3583941605839418,4.306158264199107
10,01101,Montgomery,6.589304812834225,8.704105710240679
10,01007,Bibb,4.680128205128205,6.516980849790545
10,01055,Etowah,2.1224637681159417,4.227303070761015
10,01021,Chilton,4.851533742331288,6.165261153427639
10,01031,Coffee,7.6454545454545455,9.595268724985706
10,01039,Covington,9.004741379310346,9.79865491651206
10,01067,Henry,7.217857142857142,8.784680134680135
11,01027,Clay,0.015068493150684932,0.15570584577114427
11,01091,Marengo,0.1224669603524229,0.6647241647241647
11,01049,DeKalb,0.0,0.05554898248935163
11,01019,Cherokee,0.007382550335570471,0.24217791411042944
11,01065,Hale,0.09999999999999999,0.502
11,01105,Perry,0.10185185185185185,0.4901897089397089
11,01033,Colbert,0.0026490066225165563,0.12434593023255813
11,01063,Greene,0.12556818181818183,0.5025067750677507
11,01013,Butler,0.15057471264367817,0.713693715982187
11,01081,Lee,0.03506493506493507,0.43551829268292686
11,01097,Mobile,0.11075268817204303,0.25951334141904187
11,01057,Fayette,0.06357615894039735,0.45208458308338334
11,01017,Chambers,0.011764705882352943,0.37003467843631777
11,01125,Tuscaloosa,0.09602649006622517,0.49092514124293785
11,01131,Wilcox,0.13726415094339622,0.7293414429530202
11,01095,Marshall,0.0185430463576159,0.13846825859056494
11,01053,Escambia,0.17590909090909093,0.8098086124401914
11,01083,Limestone,0.05177304964539006,0.1320369249394673
11,01009,Blount,0.07065868263473055,0.25843170320404724
11,01099,Monroe,0.17361702127659573,0.811251849112426
11,01093,Marion,0.038461538461538464,0.278542814221332
11,01085,Lowndes,0.11091954022988504,0.731348167539267
11,01037,Coosa,0.09999999999999998,0.38269774011299434
11,01109,Pike,0.10914634146341465,0.6755918827508456
11,01119,Sumter,0.15069124423963134,0.5157580056749088
11,01133,Winston,0.006569343065693432,0.21389055023923445
11,01121,Talladega,0.0881081081081081,0.3487609329446064
11,01071,Jackson,0.0015503875968992248,0.06886823763690673
11,01003,Baldwin,0.08021390374331551,0.2889415299283568
11,01011,Bullock,0.10443037974683544,0.6213768115942029
11,01001,Autauga,0.10129032258064516,0.5249844816883923
11,01087,Macon,0.08965517241379309,0.6325477510782501
11,01115,St. Clair,0.09151515151515151,0.3158557046979866
11,01023,Choctaw,0.13732718894009216,0.7184416118421053
11,01043,Cullman,0.030555555555555555,0.24927360774818402
11,01117,Shelby,0.09896907216494845,0.43195402298850577
11,01047,Dallas,0.1029045643153527,0.5965651021953066
11,01107,Pickens,0.1475728155339806,0.4993619736282433
11,01077,Lauderdale,0.004838709677419355,0.11453045685279188
11,01029,Cleburne,0.0,0.09229888816219751
11,01005,Barbour,0.17028301886792455,0.6212631578947369
11,01061,Geneva,0.21285714285714277,0.7460291197882197
11,01045,Dale,0.17768595041322313,0.771231241473397
11,01123,Tallapoosa,0.07428571428571427,0.418407960199005
11,01025,Clarke,0.17248322147651007,0.8137062726176115
11,01069,Houston,0.32432432432432434,0.6559446254071661
11,01129,Washington,0.20201612903225807,0.6819033178737067
11,01089,Madison,0.03265306122448979,0.140119154676259
11,01041,Crenshaw,0.18321678321678322,0.7048351990049752
11,01015,Calhoun,0.039354838709677424,0.272332134292566
11,01079,Lawrence,0.010429447852760737,0.17068298969072165
11,01103,Morgan,0.061538461538461535,0.19995387453874539
11,01075,Lamar,0.11985815602836879,0.4865074441687345
11,01113,Russell,0.11830065359477125,0.5687934027777778
11,01059,Franklin,0.0,0.14324870167339873
11,01035,Conecuh,0.2985781990521327,0.7277008624602814
11,01051,Elmore,0.11776315789473686,0.5800141242937853
11,01073,Jefferson,0.09575289575289574,0.4308956725930896
11,01127,Walker,0.04358974358974359,0.4416279069767442
11,01111,Randolph,0.0,0.17884492661135928
11,01101,Montgomery,0.15026737967914439,0.7110665408211421
11,01007,Bibb,0.11025641025641025,0.48795631358467983
11,01055,Etowah,0.042028985507246375,0.25809412550066757
11,01021,Chilton,0.09999999999999998,0.39921109902067464
11,01031,Coffee,0.16433566433566432,0.744639794168096
11,01039,Covington,0.38749999999999996,0.7408627087198516
11,01067,Henry,0.32999999999999996,0.6188552188552189
12,01027,Clay,0.0,0.0
12,01091,Marengo,0.0,0.0
12,01049,DeKalb,0.0,0.0
12,01019,Cherokee,0.0,0.0
12,01065,Hale,0.0,0.0
12,01105,Perry,0.0,0.0
12,01033,Colbert,0.0,0.0
12,01063,Greene,0.0,0.0
12,01013,Butler,0.0,0.0
12,01081,Lee,0.0,0.0
12,01097,Mobile,0.0,0.0
12,01057,Fayette,0.0,0.0
12,01017,Chambers,0.0,0.0
12,01125,Tuscaloosa,0.0,0.0
12,01131,Wilcox,0.0,0.0
12,01095,Marshall,0.0,0.0
12,01053,Escambia,0.0,0.0
12,01083,Limestone,0.0,0.0
12,01009,Blount,0.0,0.0
12,01099,Monroe,0.0,0.0
12,01093,Marion,0.0,0.0
12,01085,Lowndes,0.0,0.0
12,01037,Coosa,0.0,0.0
12,01109,Pike,0.0,0.0
12,01119,Sumter,0.0,0.0
12,01133,Winston,0.0,0.0
12,01121,Talladega,0.0,0.0
12,01071,Jackson,0.0,0.0
12,01003,Baldwin,0.0,0.0
12,01011,Bullock,0.0,0.0
12,01001,Autauga,0.0,0.0
12,01087,Macon,0.0,0.0
12,01115,St. Clair,0.0,0.0
12,01023,Choctaw,0.0,0.0
12,01043,Cullman,0.0,0.0
12,01117,Shelby,0.0,0.0
12,01047,Dallas,0.0,0.0
12,01107,Pickens,0.0,0.0
12,01077,Lauderdale,0.0,0.0
12,01029,Cleburne,0.0,0.0
12,01005,Barbour,0.0,0.0
12,01061,Geneva,0.0,0.0
12,01045,Dale,0.0,0.0
12,01123,Tallapoosa,0.0,0.0
12,01025,Clarke,0.0,0.0
12,01069,Houston,0.0,0.0
12,01129,Washington,0.0,0.0
12,01089,Madison,0.0,0.0
12,01041,Crenshaw,0.0,0.0
12,01015,Calhoun,0.0,0.0
12,01079,Lawrence,0.0,0.0
12,01103,Morgan,0.0,0.0
12,01075,Lamar,0.0,0.0
12,01113,Russell,0.0,0.0
12,01059,Franklin,0.0,0.0
12,01035,Conecuh,0.0,0.0
12,01051,Elmore,0.0,0.0
12,01073,Jefferson,0.0,0.0
12,01127,Walker,0.0,0.0
12,01111,Randolph,0.0,0.0
12,01101,Montgomery,0.0,0.0
12,01007,Bibb,0.0,0.0
12,01055,Etowah,0.0,0.0
12,01021,Chilton,0.0,0.0
12,01031,Coffee,0.0,0.0
12,01039,Covington,0.0,0.0
12,01067,Henry,0.0,0.0
