month,GEOID,county,gridmet_gdd_mean,nldas3_gdd_mean
1,01027,Clay,26.99743081288812,34.139031405472636
1,01091,Marengo,44.40026438843334,56.51025883838384
1,01049,DeKalb,19.603990111672328,22.13216176644581
1,01019,Cherokee,22.88348983047807,28.56922929447853
1,01065,Hale,41.28059841315925,50.64238392857143
1,01105,Perry,41.89571204856612,51.37743633056133
1,01033,Colbert,22.91701997264345,24.07374636627907
1,01063,Greene,38.38355030926812,48.863448509485096
1,01013,Butler,60.574712917284316,63.958011194952995
1,01081,Lee,38.72766326111654,47.0086318597561
1,01097,Mobile,73.60322548924415,84.87688561249242
1,01057,Fayette,27.55847718295688,36.73478273095381
1,01017,Chambers,33.016764907338455,41.097074992118536
1,01125,Tuscaloosa,34.04081098341803,42.51469809322034
1,01131,Wilcox,48.593397177930385,59.28998662961409
1,01095,Marshall,23.383079680386114,24.677990317414093
1,01053,Escambia,64.7882965184995,76.81135989832536
1,01083,Limestone,22.619433310218025,23.371566661622275
1,01009,Blount,25.81479108433539,31.795008607363688
1,01099,Monroe,58.90836281894143,66.60894739275147
1,01093,Marion,24.270440088628554,31.1449791875313
1,01085,Lowndes,51.353247733280824,57.913923429319375
1,01037,Coosa,35.9189558294757,41.84763859463277
1,01109,Pike,58.40323298198449,63.33166572717024
1,01119,Sumter,41.429077899423284,50.366066452168624
1,01133,Winston,23.581350471886545,28.562967254784688
1,01121,Talladega,33.090188875765605,38.879767978620016
1,01071,Jackson,18.675484850979714,21.663984712080982
1,01003,Baldwin,74.20137730236394,91.79179425699098
1,01011,Bullock,51.20354506866867,59.19061839522947
1,01001,Autauga,42.575839757119674,49.71650954376164
1,01087,Macon,46.15496528993828,56.405147681762166
1,01115,St. Clair,29.45278927149934,34.445677345497764
1,01023,Choctaw,49.43417204122965,57.96720805921053
1,01043,Cullman,24.518110724555278,29.945516797820822
1,01117,Shelby,36.59030899362486,40.56732040229885
1,01047,Dallas,45.25842290348059,55.26372658024224
1,01107,Pickens,35.027087793442995,42.455544183326246
1,01077,Lauderdale,21.481774383873198,21.696853188451776
1,01029,Cleburne,23.62826211050063,30.808511997220407
1,01005,Barbour,55.63627397501271,62.04366447368421
1,01061,Geneva,65.48832112993543,79.10566264063534
1,01045,Dale,65.82404898903619,71.91583709924966
1,01123,Tallapoosa,35.28331553780712,41.85155472636816
1,01025,Clarke,54.44984962514609,64.62952352231605
1,01069,Houston,70.74716161573289,77.81392508143323
1,01129,Washington,57.783306749405696,69.66298385658223
1,01089,Madison,22.326531010841975,25.27649189242356
1,01041,Crenshaw,62.20643390148699,64.44263059701493
1,01015,Calhoun,27.39467713780574,34.561338429256594
1,01079,Lawrence,22.631166488553994,25.90422237435567
1,01103,Morgan,24.451281372461715,26.910531019372694
1,01075,Lamar,29.48464584025948,37.10638715493176
1,01113,Russell,46.98964049495148,58.942287868923614
1,01059,Franklin,22.520452502147396,27.01946362882285
1,01035,Conecuh,63.089383965804394,69.34450890830685
1,01051,Elmore,44.31365266699563,48.57744968220339
1,01073,Jefferson,32.752818565810685,37.912786187520965
1,01127,Walker,26.544204167292826,36.735061773255815
1,01111,Randolph,27.946678794248434,34.33741324984046
1,01101,Montgomery,56.15304747556009,58.40786485370458
1,01007,Bibb,39.12525852496828,45.908274423997604
1,01055,Etowah,24.67590549634866,31.508659984145527
1,01021,Chilton,38.79147369197562,44.614960214907505
1,01031,Coffee,63.96657271165145,71.4042667238422
1,01039,Covington,65.37226265874433,74.1205241187384
1,01067,Henry,60.46346308462991,67.8984638047138
2,01027,Clay,59.98407601552497,72.25650555814677
2,01091,Marengo,97.113456828248,109.6018478049728
2,01049,DeKalb,43.222487780319234,46.47167460364411
2,01019,Cherokee,51.25775220832598,59.651792561349694
2,01065,Hale,91.95541974279021,99.35947321428571
2,01105,Perry,92.50271705533291,100.65830463877339
2,01033,Colbert,53.22539724185794,49.300799418604655
2,01063,Greene,87.52721778176084,96.45262533875339
2,01013,Butler,118.53830515543667,117.17356815932706
2,01081,Lee,87.17149322906138,91.93603277439024
2,01097,Mobile,131.74093152774327,137.7126478168587
2,01057,Fayette,62.107516695742895,74.03148901469706
2,01017,Chambers,76.59016356025681,83.48234552332913
2,01125,Tuscaloosa,78.42114222848689,84.91799964689265
2,01131,Wilcox,102.14188872715253,113.15614513422818
2,01095,Marshall,52.82377464446039,50.22507462143273
2,01053,Escambia,121.41981729680887,132.27336273923444
2,01083,Limestone,50.584185317019475,48.12439940223971
2,01009,Blount,58.9063771175913,64.59014017706576
2,01099,Monroe,115.86908648551824,122.40122272559172
2,01093,Marion,55.17219863053236,62.227673541562346
2,01085,Lowndes,106.24672547439093,109.84252290575917
2,01037,Coosa,79.58616995702853,84.53633474576272
2,01109,Pike,115.74497099527542,114.08777832581737
2,01119,Sumter,91.95410208847154,99.68592926631537
2,01133,Winston,53.41456073621793,58.04573489832536
2,01121,Talladega,71.73072908638653,79.43587524295432
2,01071,Jackson,43.08796560952856,44.369948971125126
2,01003,Baldwin,129.53490752439495,143.58282297203604
2,01011,Bullock,105.65914467533976,108.63906816123189
2,01001,Autauga,92.49451822785447,96.71491891682184
2,01087,Macon,97.86068951205594,105.43499691928527
2,01115,St. Clair,63.54409230365207,70.52288258529083
2,01023,Choctaw,105.89239613616563,111.90781763980263
2,01043,Cullman,57.45227832878991,60.678980024213075
2,01117,Shelby,82.61255260821508,81.90548850574713
2,01047,Dallas,96.44997955069049,106.70188304314912
2,01107,Pickens,79.06014610660922,85.63189866014461
2,01077,Lauderdale,50.197983925112105,45.35476284898477
2,01029,Cleburne,53.731099288616065,65.76082713374755
2,01005,Barbour,111.09037821787751,110.79978947368421
2,01061,Geneva,123.63007170758974,132.26784827928523
2,01045,Dale,124.66756205661285,123.61775238744885
2,01123,Tallapoosa,78.84397101178888,83.92327425373135
2,01025,Clarke,110.41969830301827,119.98634461700844
2,01069,Houston,129.95695903881227,130.84382125407166
2,01129,Washington,116.02457588934173,126.23444746699964
2,01089,Madison,48.94693885647548,51.323783160971225
2,01041,Crenshaw,121.336993572529,116.40466612251244
2,01015,Calhoun,60.17306533518177,72.10100981714628
2,01079,Lawrence,51.94220850096186,52.710103898195875
2,01103,Morgan,56.32160422496336,54.82837965098401
2,01075,Lamar,66.72730538009783,74.1428931451613
2,01113,Russell,98.89598108029877,108.13823784722223
2,01059,Franklin,51.856505799810854,54.542308316503174
2,01035,Conecuh,122.08146895566871,124.19535860190649
2,01051,Elmore,94.7242764242076,93.536052259887
2,01073,Jefferson,74.55722066518459,76.67786082690372
2,01127,Walker,61.31735828575752,74.16657703488372
2,01111,Randolph,63.17419754585243,72.40139398532227
2,01101,Montgomery,114.01056403991417,109.57301498348278
2,01007,Bibb,87.35894313518857,91.0422183572711
2,01055,Etowah,54.79431108999973,64.96114611148198
2,01021,Chilton,86.11530832864064,89.12171857997824
2,01031,Coffee,122.45898667555635,123.82020082904516
2,01039,Covington,124.10525794719875,127.56426252319109
2,01067,Henry,116.72410900442985,117.29888468013468
3,01027,Clay,113.21075401410715,125.60434157338308
3,01091,Marengo,165.71396550384446,183.80017725330225
3,01049,DeKalb,91.71225446315673,88.60166232844297
3,01019,Cherokee,107.1523138550629,106.9176092791411
3,01065,Hale,158.87014881796523,172.534875
3,01105,Perry,159.39222182662456,172.78209459459458
3,01033,Colbert,108.9617885220766,99.81528888081395
3,01063,Greene,153.63346482883856,169.84100609756098
3,01013,Butler,188.88218329594116,191.98694952993569
3,01081,Lee,152.39188311292037,155.14178734756098
3,01097,Mobile,213.3412367910303,219.8575841419042
3,01057,Fayette,118.22910544692336,137.5366676664667
3,01017,Chambers,133.83222140044222,142.4294609079445
3,01125,Tuscaloosa,141.52682216315927,152.20091807909606
3,01131,Wilcox,173.74346799022808,185.57754823825502
3,01095,Marshall,106.92960325531662,95.15301943797321
3,01053,Escambia,195.47640966380789,209.8173096092504
3,01083,Limestone,103.90329805414775,94.87980478208233
3,01009,Blount,116.13491043364982,118.29168423271501
3,01099,Monroe,189.73457650691967,197.27773668639054
3,01093,Marion,110.03439487834599,120.75613420130195
3,01085,Lowndes,171.9205456928829,182.22961387434555
3,01037,Coosa,141.24984361672756,147.7940236581921
3,01109,Pike,186.8460677095745,188.3678833145434
3,01119,Sumter,159.93679764708122,172.98688944061612
3,01133,Winston,104.6745976023435,110.6371673145933
3,01121,Talladega,132.06078313879115,138.53322400388726
3,01071,Jackson,92.5231587266557,85.80123630932626
3,01003,Baldwin,206.1589435271407,223.9652617286804
3,01011,Bullock,175.97056913158622,181.13437877415458
3,01001,Autauga,155.16464362556763,164.6318474549969
3,01087,Macon,167.88451757181164,176.32087569316081
3,01115,St. Clair,123.22488094630438,125.22189597315436
3,01023,Choctaw,178.73352736090794,186.14566200657896
3,01043,Cullman,110.7674168718131,113.24735926150122
3,01117,Shelby,147.63479478816453,144.2115948275862
3,01047,Dallas,163.3206433536013,178.48934282740348
3,01107,Pickens,143.64029033475768,155.26910091450446
3,01077,Lauderdale,103.95970605337538,92.87383407360406
3,01029,Cleburne,108.2390767913174,114.89166734793983
3,01005,Barbour,185.85471698257223,182.44213157894737
3,01061,Geneva,196.32135763985832,207.5727994705493
3,01045,Dale,199.48218758827463,199.06889495225101
3,01123,Tallapoosa,139.57202845633424,144.2741604477612
3,01025,Clarke,184.55000103739346,194.64954010856454
3,01069,Houston,208.23783988540302,205.00191368078177
3,01129,Washington,193.23007864675276,203.5049946485908
3,01089,Madison,101.48413342534326,99.88333942221223
3,01041,Crenshaw,190.1719240180602,191.16833799751242
3,01015,Calhoun,118.77832327369002,126.07038744004797
3,01079,Lawrence,104.88165777475602,102.91800902061856
3,01103,Morgan,111.99589852161945,104.98485547355473
3,01075,Lamar,126.75850991972845,139.87259615384616
3,01113,Russell,170.2308159383144,178.7616283275463
3,01059,Franklin,106.57503081356234,108.26341604154645
3,01035,Conecuh,194.85559332535794,200.01689457557876
3,01051,Elmore,160.77315841674866,159.10771539548023
3,01073,Jefferson,138.22922829999942,137.23274488426702
3,01127,Walker,117.71861693083986,135.68856104651164
3,01111,Randolph,117.9723716123266,124.77673300893427
3,01101,Montgomery,182.19810095965605,182.4389452571968
3,01007,Bibb,153.18115447019977,160.02962298025133
3,01055,Etowah,113.21713847727067,117.13140437249666
3,01021,Chilton,149.4607354230828,155.2369253264418
3,01031,Coffee,194.08555738115706,199.6196219268153
3,01039,Covington,197.25918096476653,203.8161410018553
3,01067,Henry,191.7451809779582,189.26372053872055
4,01027,Clay,190.40859538248202,193.22809779228857
4,01091,Marengo,239.07046120261373,242.4364316239316
4,01049,DeKalb,175.2231603624419,155.6832258637009
4,01019,Cherokee,197.7229537881947,170.48891871165645
4,01065,Hale,233.88903969405004,231.42675
4,01105,Perry,235.32385885356453,231.708858497921
4,01033,Colbert,188.529867137379,162.44614825581397
4,01063,Greene,230.74951613859758,230.55115176151762
4,01013,Butler,263.7673276511013,255.10211528946067
4,01081,Lee,231.99201297908704,225.06951219512194
4,01097,Mobile,277.5550350667762,277.44508035172834
4,01057,Fayette,198.54301524383405,200.8618026394721
4,01017,Chambers,212.87166647318983,211.88156131778058
4,01125,Tuscaloosa,221.8217215733819,212.50353107344634
4,01131,Wilcox,248.1752371259012,243.72506816275168
4,01095,Marshall,183.93685438143558,156.5558750728014
4,01053,Escambia,263.10347818409383,270.0207336523126
4,01083,Limestone,187.3776959120303,158.6593428420097
4,01009,Blount,191.31949121715127,184.32289910061832
4,01099,Monroe,258.64197877534974,256.7018306213018
4,01093,Marion,186.08203206156693,185.36733224837255
4,01085,Lowndes,247.14281603056878,243.7979057591623
4,01037,Coosa,218.55848331306618,211.68513418079095
4,01109,Pike,262.22436080002274,253.91139374295378
4,01119,Sumter,235.5789407911175,232.61096473449533
4,01133,Winston,180.90832121689016,172.44490131578948
4,01121,Talladega,209.22886405821168,201.5272564382896
4,01071,Jackson,175.7079844428963,150.00576667772984
4,01003,Baldwin,271.27602951131473,280.2652530621678
4,01011,Bullock,251.29980863353939,247.84718448067633
4,01001,Autauga,231.34335583299273,225.23572315332092
4,01087,Macon,245.2478956740814,244.04182070240296
4,01115,St. Clair,201.1413047411376,188.60154502237137
4,01023,Choctaw,250.15820375082194,243.9118009868421
4,01043,Cullman,183.8309733818908,177.22663438256657
4,01117,Shelby,227.74767965257846,205.4667816091954
4,01047,Dallas,239.00130531406072,236.90920704012112
4,01107,Pickens,224.9341498943446,217.8183751595066
4,01077,Lauderdale,185.74809203773475,156.73470812182742
4,01029,Cleburne,188.6940074146899,183.4908436886854
4,01005,Barbour,259.72764168649417,248.01134210526317
4,01061,Geneva,270.87249913678926,269.42873097286565
4,01045,Dale,275.69003953161393,264.0487721691678
4,01123,Tallapoosa,217.2812560494566,209.44182213930347
4,01025,Clarke,250.64824092685842,252.4849404402895
4,01069,Houston,285.1617569670813,270.65122149837134
4,01129,Washington,259.03360937795395,260.6023902961113
4,01089,Madison,180.33117296491412,167.01302551708633
4,01041,Crenshaw,269.07776217587417,254.78537002487562
4,01015,Calhoun,199.54170967741993,193.24205635491606
4,01079,Lawrence,185.73733235552328,165.40827963917525
4,01103,Morgan,189.22262848096074,168.64295049200493
4,01075,Lamar,211.23155999582772,203.65508684863525
4,01113,Russell,246.69833457398326,248.77398003472223
4,01059,Franklin,184.04668621752694,172.9668566070398
4,01035,Conecuh,265.18765153062355,261.2299704947798
4,01051,Elmore,238.24987125396797,221.3254943502825
4,01073,Jefferson,217.65185304148386,200.46444146259645
4,01127,Walker,195.73961587602724,198.55133720930232
4,01111,Randolph,198.51828481855247,192.16648053605616
4,01101,Montgomery,259.1098123397426,246.2496313119396
4,01007,Bibb,231.20554517305877,219.85278276481148
4,01055,Etowah,196.30655993696632,183.91004672897196
4,01021,Chilton,227.1636815994363,216.24938792165398
4,01031,Coffee,272.1004889257478,262.8453401943968
4,01039,Covington,274.8699572161978,265.41621057513913
4,01067,Henry,269.36035797991144,253.7109638047138
5,01027,Clay,332.8611965879683,344.98771766169153
5,01091,Marengo,388.0326654778711,398.5114121989122
5,01049,DeKalb,317.7721513532735,308.85819924278275
5,01019,Cherokee,340.9565766814579,313.10226226993865
5,01065,Hale,384.0022764559999,385.78725
5,01105,Perry,384.61765458848816,384.2095893970894
5,01033,Colbert,337.814039347062,308.0688953488372
5,01063,Greene,383.7423014207327,388.6170731707317
5,01013,Butler,400.45816039337586,417.0365227610094
5,01081,Lee,369.2176630332261,377.42400914634146
5,01097,Mobile,422.08380068980745,421.569057004245
5,01057,Fayette,352.65543102744476,357.03996700659866
5,01017,Chambers,357.1106534890576,361.1503389029004
5,01125,Tuscaloosa,373.0717373121661,365.56324152542373
5,01131,Wilcox,391.9244332338737,398.0260591442953
5,01095,Marshall,329.6980143121386,299.02764633080955
5,01053,Escambia,410.1388623879179,425.5711722488038
5,01083,Limestone,335.9139369688651,305.7648305084746
5,01009,Blount,336.63673541223295,339.9384134345138
5,01099,Monroe,402.4722771762287,415.2003975591716
5,01093,Marion,337.43689438872366,341.31481597396095
5,01085,Lowndes,388.05876502727716,400.35706806282724
5,01037,Coosa,362.3314860978919,360.7186793785311
5,01109,Pike,399.3408248715292,413.18531567080043
5,01119,Sumter,387.4894695440203,391.6579854073774
5,01133,Winston,331.9772290863268,320.9533119019139
5,01121,Talladega,359.12170134508364,349.55241739552963
5,01071,Jackson,319.056744299601,295.76279870560904
5,01003,Baldwin,416.4526463840104,424.5282239426855
5,01011,Bullock,388.1012964369383,405.47090126811594
5,01001,Autauga,376.11390268042857,373.57045313469894
5,01087,Macon,383.30951796959266,399.39359981515713
5,01115,St. Clair,351.2630587713076,337.65995525727067
5,01023,Choctaw,397.79036929926093,400.24925472861844
5,01043,Cullman,332.3280559234627,329.60115012106536
5,01117,Shelby,374.39239683328293,354.07045977011495
5,01047,Dallas,386.33365037973573,388.4645391748675
5,01107,Pickens,380.3032514923992,375.96788600595494
5,01077,Lauderdale,334.1986020652204,302.27620558375634
5,01029,Cleburne,327.6321299408183,337.228417266187
5,01005,Barbour,397.5852355885064,399.0350263157895
5,01061,Geneva,411.9969277409153,422.11999503639976
5,01045,Dale,414.8477699090634,417.9266712141883
5,01123,Tallapoosa,361.14588483886797,354.4395211442786
5,01025,Clarke,394.571863274287,407.3021335946924
5,01069,Houston,421.5718555347347,421.5560260586319
5,01129,Washington,404.5351601631418,413.71182661434176
5,01089,Madison,327.64321548306293,321.9834195143885
5,01041,Crenshaw,404.73618838437034,415.8394745024876
5,01015,Calhoun,342.8405801096278,347.40610011990407
5,01079,Lawrence,335.4450927977774,313.5501288659794
5,01103,Morgan,337.7858347164064,318.7185193726937
5,01075,Lamar,365.29641788996776,361.06312034739454
5,01113,Russell,382.1752610150513,403.6164641203704
5,01059,Franklin,331.7140642575191,327.41221869590305
5,01035,Conecuh,409.75253566362363,421.2831933726736
5,01051,Elmore,377.7335851990557,367.4207980225989
5,01073,Jefferson,366.2643231837454,353.4880073800738
5,01127,Walker,348.37046198918347,352.1754360465116
5,01111,Randolph,341.29897880832726,340.5547223994895
5,01101,Montgomery,395.21850280272207,404.7677265219443
5,01007,Bibb,379.359840130929,371.75890185517653
5,01055,Etowah,339.1556504467958,338.17656875834444
5,01021,Chilton,371.7875148862133,365.5087731229597
5,01031,Coffee,411.6918884063942,419.1862492853059
5,01039,Covington,419.0103013860776,421.8765306122449
5,01067,Henry,408.91596466064533,401.63813131313134
6,01027,Clay,428.57154152230123,453.4539800995025
6,01091,Marengo,482.1639416866899,501.4079254079254
6,01049,DeKalb,416.52119062354603,423.5184571699006
6,01019,Cherokee,440.59741443403703,416.09217791411044
6,01065,Hale,479.07493925722855,486.2192857142857
6,01105,Perry,478.75561974607956,484.667716995842
6,01033,Colbert,448.71281316896227,410.00574127906975
6,01063,Greene,479.4745147098203,491.3633807588076
6,01013,Butler,488.06462697873263,512.4700024740227
6,01081,Lee,464.1813958997858,481.78037347560974
6,01097,Mobile,504.3029365785669,506.44583838690113
6,01057,Fayette,454.02758268646926,463.2855428914217
6,01017,Chambers,452.4998685250883,464.46610970996215
6,01125,Tuscaloosa,470.43238451623057,467.4507415254237
6,01131,Wilcox,482.1656600088451,496.93697567114094
6,01095,Marshall,429.63281418756225,403.5663948747816
6,01053,Escambia,490.2309770896226,515.117922647528
6,01083,Limestone,441.98312086822375,410.981424031477
6,01009,Blount,433.00541825894186,449.80663293985384
6,01099,Monroe,487.1823389451055,511.8133783284024
6,01093,Marion,441.5601639045472,447.5414058587882
6,01085,Lowndes,480.8710348282746,498.2833769633508
6,01037,Coosa,457.5530048611806,461.80727401129946
6,01109,Pike,487.3304859254427,510.160019729425
6,01119,Sumter,482.48232632826085,496.7331272800973
6,01133,Winston,432.23686315160677,422.7025269138756
6,01121,Talladega,452.2895399021466,450.28826530612247
6,01071,Jackson,418.6543032801437,405.0006637902423
6,01003,Baldwin,495.003261786477,508.4227524844003
6,01011,Bullock,478.996264242825,505.0236639492754
6,01001,Autauga,473.79903030887806,473.22726567349474
6,01087,Macon,476.8191042248965,501.38709180529884
6,01115,St. Clair,445.9812416677772,441.5842421700224
6,01023,Choctaw,488.3151376328718,504.44125205592104
6,01043,Cullman,434.36233400133005,435.7659503631961
6,01117,Shelby,467.4555133858915,454.10864942528735
6,01047,Dallas,480.21259452851564,487.6615253595761
6,01107,Pickens,479.67589964635243,482.92503190131856
6,01077,Lauderdale,443.0757526766877,406.80532994923857
6,01029,Cleburne,424.090106709799,449.73879986919553
6,01005,Barbour,485.7095768910542,494.6870526315789
6,01061,Geneva,492.21364399501334,513.1022088021178
6,01045,Dale,497.2526021027377,513.2541354024556
6,01123,Tallapoosa,456.4483146187926,453.4708644278607
6,01025,Clarke,482.0767766197264,506.22308504221957
6,01069,Houston,502.66881649945316,512.1644543973941
6,01129,Washington,489.58475723266685,510.31403853014626
6,01089,Madison,430.6016080272449,434.9626236510791
6,01041,Crenshaw,491.463285283443,511.14175217661693
6,01015,Calhoun,438.72151665472296,456.00783123501196
6,01079,Lawrence,440.75236052530767,415.8498067010309
6,01103,Morgan,439.9153839893838,424.3580488929889
6,01075,Lamar,467.30506876411255,468.83266129032256
6,01113,Russell,477.4552276012953,503.8475115740741
6,01059,Franklin,437.8890059413688,433.77856318522794
6,01035,Conecuh,492.1004742807695,514.327848388561
6,01051,Elmore,473.24473626990147,466.2420197740113
6,01073,Jefferson,461.39837998791637,457.5867997316337
6,01127,Walker,449.0447173837523,455.3159302325581
6,01111,Randolph,436.54919919202007,446.20046266751757
6,01101,Montgomery,488.2198655643573,504.42602642756015
6,01007,Bibb,473.1769543476602,472.00785457809695
6,01055,Etowah,435.2782258185796,448.5894526034713
6,01021,Chilton,467.95650302442385,465.8109357997824
6,01031,Coffee,492.74549161470935,512.9575829045168
6,01039,Covington,496.1811845647886,512.2489332096475
6,01067,Henry,492.32796370370136,495.73362794612797
7,01027,Clay,500.4523273833817,543.1918921019901
7,01091,Marengo,544.2010770554066,577.3048756798756
7,01049,DeKalb,486.9849742592932,515.3728111689541
7,01019,Cherokee,512.8798000463711,499.6664493865031
7,01065,Hale,542.152874591394,565.5891428571429
7,01105,Perry,542.6032432744539,562.7042619542619
7,01033,Colbert,523.0273524303317,495.76929505813956
7,01063,Greene,544.7475586717785,573.4734417344173
7,01013,Butler,546.1582182785567,578.0771895101435
7,01081,Lee,527.9581495507978,558.8678353658537
7,01097,Mobile,552.8986559796083,562.3760233474833
7,01057,Fayette,527.949204855408,555.0629874025195
7,01017,Chambers,519.3340837964831,544.829523959647
7,01125,Tuscaloosa,539.2697679027034,553.6139830508474
7,01131,Wilcox,545.6531612324271,566.9228712248322
7,01095,Marshall,500.56798193723233,486.3209813628422
7,01053,Escambia,543.5729783422303,573.7380382775119
7,01083,Limestone,514.7219844304084,496.5188029661017
7,01009,Blount,502.7959272373229,541.0064643057898
7,01099,Monroe,546.2719167116862,576.6160318047338
7,01093,Marion,515.1779660486919,541.2085002503756
7,01085,Lowndes,544.0185908087375,568.3193717277487
7,01037,Coosa,523.4432914540744,544.7272598870056
7,01109,Pike,541.1043933496248,576.1092869222097
7,01119,Sumter,545.8537078154258,575.7175719497366
7,01133,Winston,504.16087698832115,509.84352571770336
7,01121,Talladega,522.915891129778,536.5176749271137
7,01071,Jackson,491.24769314906473,492.47017092598736
7,01003,Baldwin,545.1916436669667,563.7341113935752
7,01011,Bullock,539.6549690826037,573.6707804951691
7,01001,Autauga,536.3811603078542,548.7328522656735
7,01087,Macon,541.1228598969564,573.2867760320395
7,01115,St. Clair,516.3530582404866,529.739024049217
7,01023,Choctaw,549.7504609982545,578.1118421052631
7,01043,Cullman,503.38647182888525,524.8857142857142
7,01117,Shelby,534.1021904778241,540.1457471264367
7,01047,Dallas,543.8145233280933,560.4952214231643
7,01107,Pickens,546.5072590503884,569.7798809017439
7,01077,Lauderdale,518.6460754886757,491.5781725888325
7,01029,Cleburne,497.28478661936305,541.4153858731197
7,01005,Barbour,542.7575952493927,556.6781052631579
7,01061,Geneva,544.0280000523165,566.8788054268696
7,01045,Dale,546.5672723060804,572.1350187585266
7,01123,Tallapoosa,523.5064851074225,531.2279850746269
7,01025,Clarke,541.6827336970598,574.0331348009651
7,01069,Houston,551.5687153068756,561.3544788273616
7,01129,Washington,543.8607066677469,575.6434177666786
7,01089,Madison,503.29130095657115,525.027428057554
7,01041,Crenshaw,545.8727633709681,576.3127720771145
7,01015,Calhoun,511.304384539205,546.1084382494005
7,01079,Lawrence,512.7143247265032,502.9822487113402
7,01103,Morgan,510.768687135746,511.3841482164822
7,01075,Lamar,537.8936515645785,560.8080024813896
7,01113,Russell,540.7232346578368,571.462745949074
7,01059,Franklin,511.4085851738259,526.7282169648009
7,01035,Conecuh,548.671373224485,576.2469927371766
7,01051,Elmore,537.317072145563,540.1639124293786
7,01073,Jefferson,530.8333988852489,549.0214693056022
7,01127,Walker,523.1921273881968,545.5353488372093
7,01111,Randolph,508.31828161086554,532.2250319081047
7,01101,Montgomery,549.0951869617816,574.9795304388863
7,01007,Bibb,539.4926924974496,554.8672202274088
7,01055,Etowah,507.8581161499031,538.300776034713
7,01021,Chilton,531.7943539016824,547.3085554951034
7,01031,Coffee,544.285348958903,573.4443967981704
7,01039,Covington,550.8964441891382,571.5413729128015
7,01067,Henry,544.483321228028,550.1170033670033
8,01027,Clay,481.28678080937703,529.0612173507462
8,01091,Marengo,531.5046470339609,569.5395299145299
8,01049,DeKalb,462.460878915738,500.3856483672504
8,01019,Cherokee,490.38362431878284,485.45099693251535
8,01065,Hale,528.6120081644578,556.4588928571428
8,01105,Perry,529.8731163024909,553.973102910603
8,01033,Colbert,493.09625829229367,483.6911337209302
8,01063,Greene,531.5215640935038,564.1103997289973
8,01013,Butler,537.7075858543665,573.4605393369619
8,01081,Lee,513.3485061942763,549.771875
8,01097,Mobile,551.7858609271312,563.2897968465737
8,01057,Fayette,504.98056385975076,546.059050689862
8,01017,Chambers,503.1572539784557,533.9920397225725
8,01125,Tuscaloosa,519.9820198715925,544.8657132768361
8,01131,Wilcox,535.082994101183,559.5311975671141
8,01095,Marshall,478.52390665218604,474.0785891089109
8,01053,Escambia,538.5516844801476,571.5749102870814
8,01083,Limestone,484.56691576369343,482.3076195520581
8,01009,Blount,483.3736813025567,527.5565275435638
8,01099,Monroe,540.4271068816496,572.2975221893491
8,01093,Marion,490.9758247123977,532.8549073610416
8,01085,Lowndes,531.5479595052791,562.7659031413613
8,01037,Coosa,508.295063762424,537.7334392655367
8,01109,Pike,532.0417657526534,571.6259160090192
8,01119,Sumter,531.1916621405963,567.4466963923794
8,01133,Winston,480.5676276436695,500.33836722488036
8,01121,Talladega,504.702189784695,527.7968901846452
8,01071,Jackson,465.81784791576854,479.44714570195816
8,01003,Baldwin,541.541564337583,564.5131153223942
8,01011,Bullock,527.5298080251193,568.385643115942
8,01001,Autauga,523.7898375972632,544.5329764121664
8,01087,Macon,526.852343655291,568.8814695009243
8,01115,St. Clair,497.51239374334233,518.5692463646533
8,01023,Choctaw,537.2548829601664,572.128083881579
8,01043,Cullman,482.1453866661926,512.4205811138014
8,01117,Shelby,517.2366236185296,531.7147701149426
8,01047,Dallas,531.3010779796306,552.7464042392127
8,01107,Pickens,529.5167002483486,559.3415567843471
8,01077,Lauderdale,486.2701884854232,476.8413388324873
8,01029,Cleburne,477.0850002099444,524.0448005232178
8,01005,Barbour,532.5806817828491,552.9856842105263
8,01061,Geneva,538.1304977308007,567.017331237591
8,01045,Dale,540.1690514304428,571.0516285811733
8,01123,Tallapoosa,507.7185708705363,523.5067786069652
8,01025,Clarke,534.6581892640805,569.7351854644149
8,01069,Houston,543.9138172149665,564.4317589576548
8,01129,Washington,540.364070812349,573.4857295754549
8,01089,Madison,478.72660692954616,510.81317446043164
8,01041,Crenshaw,536.1575154978085,572.4833255597015
8,01015,Calhoun,492.0792911258828,533.0460131894484
8,01079,Lawrence,484.5626390796505,492.47145618556704
8,01103,Morgan,485.4627592233519,499.2651445264453
8,01075,Lamar,515.7257085705487,552.1762949751861
8,01113,Russell,527.5329406339365,566.3721064814815
8,01059,Franklin,485.6936755720398,517.0926139642239
8,01035,Conecuh,543.0181038589845,572.2320131638675
8,01051,Elmore,522.8431914480115,537.4328389830508
8,01073,Jefferson,510.2178561059671,538.7629151291513
8,01127,Walker,499.9736669687132,535.6220930232558
8,01111,Randolph,488.2400375588974,518.2048101467773
8,01101,Montgomery,534.4474624715393,571.4636621047664
8,01007,Bibb,523.4044561728459,546.8557001795332
8,01055,Etowah,488.3813391975742,524.5512349799733
8,01021,Chilton,517.0713493019532,540.6789309031556
8,01031,Coffee,539.0187407380224,571.752287021155
8,01039,Covington,544.3701292761448,569.211038961039
8,01067,Henry,532.408462949481,550.6103535353535
9,01027,Clay,387.4747601548294,432.8854166666667
9,01091,Marengo,441.8979960840712,480.0684731934732
9,01049,DeKalb,372.9671519699499,404.9088381448178
9,01019,Cherokee,398.29271593541984,398.49735429447855
9,01065,Hale,438.24443039580103,470.88592857142856
9,01105,Perry,441.4512315349823,467.8293269230769
9,01033,Colbert,398.0813575492008,403.83081395348836
9,01063,Greene,441.26681808991947,477.87815040650406
9,01013,Butler,451.74014310288794,484.96091044037604
9,01081,Lee,424.9414940573961,457.6383384146341
9,01097,Mobile,470.41394255716824,486.4224530018193
9,01057,Fayette,413.11354520684125,463.2943911217756
9,01017,Chambers,410.9167336258242,441.6298865069357
9,01125,Tuscaloosa,432.0105790296146,464.38177966101694
9,01131,Wilcox,444.7229251933556,471.083158557047
9,01095,Marshall,387.8669213806565,390.1940157251019
9,01053,Escambia,454.2725688795618,487.9873903508772
9,01083,Limestone,388.29595861773197,400.8603964891041
9,01009,Blount,394.81805406216455,437.0240303541315
9,01099,Monroe,451.1879992351134,484.1252773668639
9,01093,Marion,397.3810458340496,447.71144216324484
9,01085,Lowndes,443.59781525710616,475.6322643979058
9,01037,Coosa,418.67414548849837,452.5877824858757
9,01109,Pike,450.68691932864385,481.24344701240136
9,01119,Sumter,441.6881774691401,480.16806850425615
9,01133,Winston,387.77197419326745,418.67329545454544
9,01121,Talladega,411.9777842011331,444.69062803692907
9,01071,Jackson,373.8875779499387,391.29957683372055
9,01003,Baldwin,463.72100424129144,489.0287728218165
9,01011,Bullock,440.54800687379554,476.66983695652175
9,01001,Autauga,436.6367090040646,461.93342644320296
9,01087,Macon,437.0001732346116,479.1357054836722
9,01115,St. Clair,405.21033206824177,434.0303062080537
9,01023,Choctaw,446.6509688557576,483.96170847039474
9,01043,Cullman,389.51233284844363,425.7417675544794
9,01117,Shelby,430.41644357111113,450.6797701149425
9,01047,Dallas,443.9691703891366,465.9917676003028
9,01107,Pickens,438.4448316777802,475.17492556358997
9,01077,Lauderdale,390.4190857836002,395.9406725888325
9,01029,Cleburne,381.67400613338464,423.50457815565727
9,01005,Barbour,445.7323115870645,465.0503157894737
9,01061,Geneva,455.86042853219254,487.1104401058901
9,01045,Dale,458.69822265372864,485.6012534106412
9,01123,Tallapoosa,417.41294384765706,436.95597014925374
9,01025,Clarke,445.3711566848251,482.38306694813025
9,01069,Houston,462.8517243875048,484.12031758957653
9,01129,Washington,451.2636907085304,487.1705315733143
9,01089,Madison,382.4989283503326,422.8822504496403
9,01041,Crenshaw,455.1727619197827,483.70786691542287
9,01015,Calhoun,397.7452585626426,441.27319394484414
9,01079,Lawrence,387.7243876264146,412.36852448453607
9,01103,Morgan,390.589424681053,415.8718865313653
9,01075,Lamar,421.82255298803966,468.3137406947891
9,01113,Russell,436.74496688344203,475.83467158564815
9,01059,Franklin,390.57578366750766,431.71444027697635
9,01035,Conecuh,458.77462233412405,485.5828415796641
9,01051,Elmore,434.12213491138743,455.9296610169491
9,01073,Jefferson,423.1534932906111,455.69968131499496
9,01127,Walker,408.5711041025023,453.97953488372093
9,01111,Randolph,395.04540295009275,423.24660976388003
9,01101,Montgomery,449.36112252301797,484.10134497404437
9,01007,Bibb,437.92483883393203,464.94292339916217
9,01055,Etowah,395.15547211135726,433.82510013351134
9,01021,Chilton,431.712424408147,457.9769450489663
9,01031,Coffee,457.87583893462573,486.38003859348197
9,01039,Covington,460.9894187598401,485.9530612244898
9,01067,Henry,449.6514293016714,467.5920033670034
10,01027,Clay,231.845820059581,279.26115516169153
10,01091,Marengo,282.5466964425922,333.6140005827506
10,01049,DeKalb,215.38230482506694,237.69171497870326
10,01019,Cherokee,235.5478518574357,249.940625
10,01065,Hale,279.87284318935446,320.2959285714286
10,01105,Perry,282.1253081842124,316.7030925155925
10,01033,Colbert,230.27983520709986,248.30039970930233
10,01063,Greene,277.5358795547492,326.86443089430895
10,01013,Butler,316.4609188544621,344.0547686788718
10,01081,Lee,271.33659132524036,308.60998475609756
10,01097,Mobile,336.615645429277,365.71706337174044
10,01057,Fayette,244.21552855232758,300.17685212957406
10,01017,Chambers,254.9496411212604,293.0483133669609
10,01125,Tuscaloosa,268.5299834679617,309.1977401129943
10,01131,Wilcox,287.807357174856,330.0116401006711
10,01095,Marshall,231.22099051166123,238.76667152009318
10,01053,Escambia,315.6802955960368,356.80906100478467
10,01083,Limestone,226.96113441413243,242.9704146489104
10,01009,Blount,235.2796404298344,274.28715219224284
10,01099,Monroe,308.2082981580376,345.4597818047337
10,01093,Marion,229.3972807848591,281.2006134201302
10,01085,Lowndes,291.29094791280886,332.14384816753926
10,01037,Coosa,263.9611677512647,302.873093220339
10,01109,Pike,314.2587796653197,342.52825535512966
10,01119,Sumter,278.3436409763044,332.69130016214024
10,01133,Winston,223.27719161875993,259.5068779904306
10,01121,Talladega,252.22064852327983,293.0468901846453
10,01071,Jackson,216.55707353222348,231.5250580816462
10,01003,Baldwin,335.91827532028844,371.50121331176337
10,01011,Bullock,295.12712065877867,333.82838919082127
10,01001,Autauga,277.26735522657896,315.8711592178771
10,01087,Macon,286.442587671741,333.7862754158965
10,01115,St. Clair,242.10184896203313,279.22692953020135
10,01023,Choctaw,287.88412342968144,342.2293636924342
10,01043,Cullman,228.71733395555353,264.73059927360777
10,01117,Shelby,270.1260315004336,298.3760344827586
10,01047,Dallas,282.82342325550957,321.2929362225587
10,01107,Pickens,271.6881056894846,318.8172054444917
10,01077,Lauderdale,225.55274328744608,240.27281091370557
10,01029,Cleburne,225.46028471818278,266.99043492478745
10,01005,Barbour,304.90238102894983,333.5743684210526
10,01061,Geneva,320.0483216334759,368.42504963600265
10,01045,Dale,324.1866923964327,360.79340040927696
10,01123,Tallapoosa,262.45057121756486,293.36349502487565
10,01025,Clarke,298.1227517464664,343.9876357056695
10,01069,Houston,330.92013454952826,370.60977198697066
10,01129,Washington,306.1441954914223,351.67483499821617
10,01089,Madison,223.36548690017457,256.31775517086334
10,01041,Crenshaw,321.74958030647406,344.5682524875622
10,01015,Calhoun,238.13006660707606,283.0868180455636
10,01079,Lawrence,225.10524608775944,253.29196198453607
10,01103,Morgan,230.76487405630328,255.71788514760146
10,01075,Lamar,253.6446459917657,305.94159041563273
10,01113,Russell,288.78869218215516,335.29542824074076
10,01059,Franklin,226.67313425087133,265.27914021927296
10,01035,Conecuh,318.1796213491727,349.00919201089425
10,01051,Elmore,282.2423680054521,313.74555084745765
10,01073,Jefferson,261.22206596698607,296.50142569607516
10,01127,Walker,238.1433597396466,292.9004069767442
10,01111,Randolph,238.4134668971159,273.4144463943842
10,01101,Montgomery,301.8069254747694,339.4244336951392
10,01007,Bibb,277.8381407948037,311.8008116397367
10,01055,Etowah,233.86395018867893,273.21107309746327
10,01021,Chilton,272.6414096031898,307.3956066376496
10,01031,Coffee,324.799688191448,357.4541166380789
10,01039,Covington,324.90541002602487,356.4413961038961
10,01067,Henry,315.26546253095427,347.4002946127946
11,01027,Clay,79.50715731059073,94.31034281716418
11,01091,Marengo,110.21352459743731,132.46178127428126
11,01049,DeKalb,65.52067242241928,69.7995666706105
11,01019,Cherokee,75.3928191155559,82.02559432515338
11,01065,Hale,105.8186240939756,122.29308035714286
11,01105,Perry,107.15941477269348,121.80260037681913
11,01033,Colbert,72.12509988544826,78.41431686046512
11,01063,Greene,104.13838103381114,123.83846544715448
11,01013,Butler,134.67655120674272,151.22026533894112
11,01081,Lee,106.63902492176449,119.29049161585365
11,01097,Mobile,165.6859851544567,177.82550030321406
11,01057,Fayette,81.55099301167711,103.82592231553689
11,01017,Chambers,90.16251635782123,108.4374507408575
11,01125,Tuscaloosa,96.05927223256136,111.51615466101696
11,01131,Wilcox,113.47686365235577,137.48686556208054
11,01095,Marshall,74.55112602991812,74.78948110803728
11,01053,Escambia,144.26713873013637,164.82266746411483
11,01083,Limestone,73.7045744118119,74.11447298728814
11,01009,Blount,78.18338384023008,89.72628583473862
11,01099,Monroe,132.90391417158463,150.62415634245562
11,01093,Marion,74.60376422253319,93.24322421131697
11,01085,Lowndes,117.90919424298214,139.37873036649214
11,01037,Coosa,96.07471446942724,110.88983933615819
11,01109,Pike,136.67609715531566,150.71318348365276
11,01119,Sumter,106.8877198615716,127.32317845561411
11,01133,Winston,71.16113187469739,83.00569116327752
11,01121,Talladega,86.33040657002259,103.09178358843538
11,01071,Jackson,65.48943811697586,68.77688350481247
11,01003,Baldwin,167.27630944399968,188.1690258839843
11,01011,Bullock,122.23018999317074,141.51755925422705
11,01001,Autauga,105.84642107366794,124.31063780260708
11,01087,Macon,113.70668984669703,138.52688886321627
11,01115,St. Clair,78.7087592865919,94.12043833892618
11,01023,Choctaw,117.66977037561702,135.94919305098685
11,01043,Cullman,74.01233367919959,85.59931144067797
11,01117,Shelby,96.41505297159456,105.6901867816092
11,01047,Dallas,108.35008430955862,129.72060702119606
11,01107,Pickens,100.33968370011753,116.71302105487027
11,01077,Lauderdale,69.20005446075145,73.01402284263959
11,01029,Cleburne,73.382623078908,87.27504700784827
11,01005,Barbour,134.80792242518064,147.71164473684212
11,01061,Geneva,151.2008569444934,179.78972948378558
11,01045,Dale,153.09648998670397,170.62189844815825
11,01123,Tallapoosa,95.45325736607188,110.33930348258707
11,01025,Clarke,124.58580506395225,145.24371418878167
11,01069,Houston,162.21374864939156,181.78503664495113
11,01129,Washington,132.94891133216169,149.99614252586514
11,01089,Madison,71.4647699005753,78.72867721447842
11,01041,Crenshaw,140.909230009493,152.43798585199005
11,01015,Calhoun,77.59606379748966,95.5929631294964
11,01079,Lawrence,71.55291296087195,79.22271262886598
11,01103,Morgan,76.02907096862829,80.60996598247233
11,01075,Lamar,88.09734169168713,108.84359491315136
11,01113,Russell,118.54689673729244,142.0316116898148
11,01059,Franklin,71.25099396487352,84.14172497114829
11,01035,Conecuh,141.8071798127528,156.98568713118476
11,01051,Elmore,109.93875111830913,124.34321151129943
11,01073,Jefferson,90.9671051638103,101.94098037571285
11,01127,Walker,77.36394865378392,100.60304505813953
11,01111,Randolph,79.41591297233231,94.05450303126995
11,01101,Montgomery,126.44500138879512,142.5972156677678
11,01007,Bibb,105.26496876643301,114.49356672651108
11,01055,Etowah,74.60018129431722,89.88622329773031
11,01021,Chilton,102.46914370858643,113.61986534276387
11,01031,Coffee,149.1882877974082,167.15687535734705
11,01039,Covington,146.52832074790217,166.75499768089054
11,01067,Henry,145.85678555079923,162.06701388888888
12,01027,Clay,44.98321940382891,49.40853350435324
12,01091,Marengo,72.20218070143677,83.53717463092462
12,01049,DeKalb,30.54616635495537,30.600194480596308
12,01019,Cherokee,36.312115613694395,40.121050613496934
12,01065,Hale,67.0701174652651,75.72865178571429
12,01105,Perry,66.82101976747899,75.64190813409563
12,01033,Colbert,38.202583711131744,39.584711119186046
12,01063,Greene,64.25554080616375,74.66132283197832
12,01013,Butler,87.88971224028526,93.73003772884711
12,01081,Lee,61.130162446654,66.72701028963415
12,01097,Mobile,109.41962447081035,122.17104116130989
12,01057,Fayette,46.60592622062254,57.567308413317335
12,01017,Chambers,52.94454422096829,58.979109197667086
12,01125,Tuscaloosa,56.99016510616104,65.17882680084746
12,01131,Wilcox,75.26743026733432,87.3276793204698
12,01095,Marshall,38.05185497157645,35.59929655649388
12,01053,Escambia,95.44988665494091,111.83253588516746
12,01083,Limestone,37.13163201514734,35.636505939769975
12,01009,Blount,42.582394526133534,46.369273468240586
12,01099,Monroe,90.0427456691015,97.9114275147929
12,01093,Marion,41.80706118908582,49.37999968703055
12,01085,Lowndes,75.79123606188578,84.94810209424084
12,01037,Coosa,56.58484192860307,62.09366613700565
12,01109,Pike,86.30490881943159,91.56228861330327
12,01119,Sumter,68.25997818766683,77.14645824888528
12,01133,Winston,39.45492741494307,43.458115281100476
12,01121,Talladega,52.12805456707956,57.619761297376094
12,01071,Jackson,30.809380572415343,30.406545594092268
12,01003,Baldwin,108.84502636343444,131.45487635775365
12,01011,Bullock,75.77199448597618,84.38207653985508
12,01001,Autauga,63.94390360776872,73.11850170701427
12,01087,Macon,70.3399323625239,80.27000539125078
12,01115,St. Clair,46.81927271062703,50.80667994966443
12,01023,Choctaw,79.88454037995966,86.06363718133224
12,01043,Cullman,40.733888844808185,44.09406023002421
12,01117,Shelby,57.51634017472444,60.692083333333336
12,01047,Dallas,69.11904487071723,81.04978472747918
12,01107,Pickens,58.43252454739202,67.15486760952786
12,01077,Lauderdale,35.527311215964914,35.65670605964467
12,01029,Cleburne,38.10319136166428,42.58603458142577
12,01005,Barbour,82.4935628797427,88.69032894736841
12,01061,Geneva,97.21653533063657,113.64140056254136
12,01045,Dale,97.22247841827182,104.3775153478854
12,01123,Tallapoosa,56.95697341308623,60.9711131840796
12,01025,Clarke,85.01515153718509,94.78168350422196
12,01069,Houston,103.53124935253291,112.3948697068404
12,01129,Washington,89.42104913280893,101.51182884409562
12,01089,Madison,36.598877999442195,37.15445846447842
12,01041,Crenshaw,88.67415972302882,93.78352378731343
12,01015,Calhoun,43.896677846601186,49.96300771882494
12,01079,Lawrence,38.44984586001929,39.87231394974227
12,01103,Morgan,40.10237124907688,40.10174027521525
12,01075,Lamar,50.338866787092336,59.843677303039705
12,01113,Russell,72.08539347330763,82.61363389756944
12,01059,Franklin,39.0230424720123,42.9832569965378
12,01035,Conecuh,94.30525985211595,101.91683216068996
12,01051,Elmore,67.50118377083258,70.66548375706215
12,01073,Jefferson,53.19077226793472,57.17241487755787
12,01127,Walker,44.91761573517653,56.24284156976744
12,01111,Randolph,44.21682598698775,48.777964462348436
12,01101,Montgomery,81.03796796666147,84.8704577630958
12,01007,Bibb,63.18583230825602,68.46974117295034
12,01055,Etowah,39.97387772933321,45.54924795560748
12,01021,Chilton,59.6652762720778,66.16577121871599
12,01031,Coffee,94.38880943671846,103.98478594911379
12,01039,Covington,94.3109482179843,107.69830705009277
12,01067,Henry,90.32932274300752,98.08531144781145
