month,GEOID,county,gridmet_hsd_std,nldas3_hsd_std
1,01027,Clay,0.0,0.0
1,01091,Marengo,0.0,0.0
1,01049,DeKalb,0.0,0.0
1,01019,Cherokee,0.0,0.0
1,01065,Hale,0.0,0.0
1,01105,Perry,0.0,0.0
1,01033,Colbert,0.0,0.0
1,01063,Greene,0.0,0.0
1,01013,Butler,0.0,0.0
1,01081,Lee,0.0,0.0
1,01097,Mobile,0.0,0.0
1,01057,Fayette,0.0,0.0
1,01017,Chambers,0.0,0.0
1,01125,Tuscaloosa,0.0,0.0
1,01131,Wilcox,0.0,0.0
1,01095,Marshall,0.0,0.0
1,01053,Escambia,0.0,0.0
1,01083,Limestone,0.0,0.0
1,01009,Blount,0.0,0.0
1,01099,Monroe,0.0,0.0
1,01093,Marion,0.0,0.0
1,01085,Lowndes,0.0,0.0
1,01037,Coosa,0.0,0.0
1,01109,Pike,0.0,0.0
1,01119,Sumter,0.0,0.0
1,01133,Winston,0.0,0.0
1,01121,Talladega,0.0,0.0
1,01071,Jackson,0.0,0.0
1,01003,Baldwin,0.0,0.0
1,01011,Bullock,0.0,0.0
1,01001,Autauga,0.0,0.0
1,01087,Macon,0.0,0.0
1,01115,St. Clair,0.0,0.0
1,01023,Choctaw,0.0,0.0
1,01043,Cullman,0.0,0.0
1,01117,Shelby,0.0,0.0
1,01047,Dallas,0.0,0.0
1,01107,Pickens,0.0,0.0
1,01077,Lauderdale,0.0,0.0
1,01029,Cleburne,0.0,0.0
1,01005,Barbour,0.0,0.0
1,01061,Geneva,0.0,0.0
1,01045,Dale,0.0,0.0
1,01123,Tallapoosa,0.0,0.0
1,01025,Clarke,0.0,0.0
1,01069,Houston,0.0,0.0
1,01129,Washington,0.0,0.0
1,01089,Madison,0.0,0.0
1,01041,Crenshaw,0.0,0.0
1,01015,Calhoun,0.0,0.0
1,01079,Lawrence,0.0,0.0
1,01103,Morgan,0.0,0.0
1,01075,Lamar,0.0,0.0
1,01113,Russell,0.0,0.0
1,01059,Franklin,0.0,0.0
1,01035,Conecuh,0.0,0.0
1,01051,Elmore,0.0,0.0
1,01073,Jefferson,0.0,0.0
1,01127,Walker,0.0,0.0
1,01111,Randolph,0.0,0.0
1,01101,Montgomery,0.0,0.0
1,01007,Bibb,0.0,0.0
1,01055,Etowah,0.0,0.0
1,01021,Chilton,0.0,0.0
1,01031,Coffee,0.0,0.0
1,01039,Covington,0.0,0.0
1,01067,Henry,0.0,0.0
2,01027,Clay,0.0,0.0
2,01091,Marengo,0.0,0.0
2,01049,DeKalb,0.0,0.0
2,01019,Cherokee,0.0,0.0
2,01065,Hale,0.0,0.0
2,01105,Perry,0.0,0.0
2,01033,Colbert,0.0,0.0
2,01063,Greene,0.0,0.0
2,01013,Butler,0.0,0.0
2,01081,Lee,0.0,0.0
2,01097,Mobile,0.007526881720430106,0.0
2,01057,Fayette,0.0,0.0
2,01017,Chambers,0.0,0.0
2,01125,Tuscaloosa,0.0,0.0
2,01131,Wilcox,0.0,0.0
2,01095,Marshall,0.0,0.0
2,01053,Escambia,0.016363636363636365,0.0
2,01083,Limestone,0.0,0.0
2,01009,Blount,0.0,0.0
2,01099,Monroe,0.013191489361702126,0.001956916419712044
2,01093,Marion,0.0,0.0
2,01085,Lowndes,0.0,0.0
2,01037,Coosa,0.0,0.0
2,01109,Pike,0.0,0.0
2,01119,Sumter,0.0,0.0
2,01133,Winston,0.0,0.0
2,01121,Talladega,0.003243243243243243,0.0
2,01071,Jackson,0.0,0.0
2,01003,Baldwin,0.0,0.0
2,01011,Bullock,0.0,0.0
2,01001,Autauga,0.0,0.0
2,01087,Macon,0.0,0.0
2,01115,St. Clair,0.0,0.0
2,01023,Choctaw,0.0069124423963133645,0.0
2,01043,Cullman,0.0,0.0
2,01117,Shelby,0.0015463917525773195,0.0
2,01047,Dallas,0.0,0.0
2,01107,Pickens,0.016019417475728156,0.0
2,01077,Lauderdale,0.0,0.0
2,01029,Cleburne,0.0,0.0
2,01005,Barbour,0.024093410313533434,0.0
2,01061,Geneva,0.03214285714285714,0.0
2,01045,Dale,0.047107438016528926,0.0
2,01123,Tallapoosa,0.0,0.0
2,01025,Clarke,0.0,0.0
2,01069,Houston,0.11148648648648649,0.0
2,01129,Washington,0.0,0.0
2,01089,Madison,0.0,0.0
2,01041,Crenshaw,0.0,0.0
2,01015,Calhoun,0.0,0.0
2,01079,Lawrence,0.0,0.0
2,01103,Morgan,0.0,0.0
2,01075,Lamar,0.002127659574468085,0.0
2,01113,Russell,0.0,0.0
2,01059,Franklin,0.0,0.0
2,01035,Conecuh,0.04976303317535545,0.0
2,01051,Elmore,0.0,0.0
2,01073,Jefferson,0.0,0.0
2,01127,Walker,0.0,0.0
2,01111,Randolph,0.0,0.0
2,01101,Montgomery,0.03887875628033035,0.0
2,01007,Bibb,0.0,0.0
2,01055,Etowah,0.0,0.0
2,01021,Chilton,0.0,0.0
2,01031,Coffee,0.0,0.0
2,01039,Covington,0.014295323874961931,0.0
2,01067,Henry,0.03857142857142857,0.0
3,01027,Clay,0.3068493150684931,0.0
3,01091,Marengo,0.6130718288046632,0.0
3,01049,DeKalb,0.046632124352331605,0.0
3,01019,Cherokee,0.2624161073825503,0.0
3,01065,Hale,0.47462606706585064,0.0
3,01105,Perry,0.49594532228942706,0.0
3,01033,Colbert,0.29917068018865395,0.0
3,01063,Greene,0.5377504140463266,0.0
3,01013,Butler,0.9357035566608111,0.06758382684933201
3,01081,Lee,0.430582692832636,0.0
3,01097,Mobile,0.6576454717208708,0.00040111449937375117
3,01057,Fayette,0.2520414408575866,0.0
3,01017,Chambers,0.41781540489907454,0.0
3,01125,Tuscaloosa,0.40773887723857327,0.0
3,01131,Wilcox,0.7151535308196376,0.10321093565665636
3,01095,Marshall,0.27417218543046357,0.0
3,01053,Escambia,1.3044256795336384,0.05063638884865306
3,01083,Limestone,0.16879432624113475,0.0
3,01009,Blount,0.31866176729934825,0.0
3,01099,Monroe,0.9841067137661665,0.11191116423296506
3,01093,Marion,0.2998391881157313,0.0
3,01085,Lowndes,0.9528354596581642,0.04259521324597104
3,01037,Coosa,0.4242251600105342,0.0
3,01109,Pike,0.756897776243616,0.0
3,01119,Sumter,0.7593205136672903,0.0
3,01133,Winston,0.010218978102189783,0.0
3,01121,Talladega,0.4475077969389995,0.0
3,01071,Jackson,0.09341085271317828,0.0
3,01003,Baldwin,0.5649332705074994,0.0007643145337952238
3,01011,Bullock,0.6133930240693388,0.05651778990519796
3,01001,Autauga,0.577269283936557,0.0
3,01087,Macon,0.5047243463017996,0.0
3,01115,St. Clair,0.3645426994968092,0.0
3,01023,Choctaw,1.2385915731573027,0.0040795916789456415
3,01043,Cullman,0.18398063966106204,0.0
3,01117,Shelby,0.450322096611735,0.0
3,01047,Dallas,0.737500081419301,0.026537627365262467
3,01107,Pickens,0.4856328022751099,0.0
3,01077,Lauderdale,0.2652732971207066,0.0
3,01029,Cleburne,0.30709219858156034,0.0
3,01005,Barbour,0.9523019214258182,0.010026004188939145
3,01061,Geneva,1.7247287964546503,0.0
3,01045,Dale,1.5172327968277879,0.0
3,01123,Tallapoosa,0.4258981144977497,0.0
3,01025,Clarke,0.9837352498663098,0.06452808909306912
3,01069,Houston,1.838592822851922,0.0
3,01129,Washington,1.6870074820544454,0.0009438998351299546
3,01089,Madison,0.14132653061224487,0.0
3,01041,Crenshaw,0.8275726509617897,0.009255193952304213
3,01015,Calhoun,0.31999999999999995,0.0
3,01079,Lawrence,0.13680981595092026,0.0
3,01103,Morgan,0.21036227653199469,0.0
3,01075,Lamar,0.39501981602944375,0.0
3,01113,Russell,0.7070627539645867,0.0
3,01059,Franklin,0.19638554216867465,0.0
3,01035,Conecuh,1.5666273031787503,0.08932263083854049
3,01051,Elmore,0.6189464489501293,0.0
3,01073,Jefferson,0.39227799227799226,0.0
3,01127,Walker,0.258974358974359,0.0
3,01111,Randolph,0.3268165222075457,0.0
3,01101,Montgomery,1.0391464276287377,0.00031214620550604796
3,01007,Bibb,0.466932025681802,0.0
3,01055,Etowah,0.3007246376811594,0.0
3,01021,Chilton,0.36975041541207854,0.0
3,01031,Coffee,1.2693973793581268,0.004727257259100624
3,01039,Covington,1.4751916710531294,0.008099238549623506
3,01067,Henry,1.1868563041827815,0.0
4,01027,Clay,0.37425027570662456,0.0972150736187228
4,01091,Marengo,2.4324212190042664,0.4614711189418221
4,01049,DeKalb,0.29414201151721225,0.0
4,01019,Cherokee,1.4932214986648817,0.0002028950335789312
4,01065,Hale,2.2712766236803286,0.11255148751395089
4,01105,Perry,2.1564188594288134,0.00809489119325507
4,01033,Colbert,0.8411661049313763,0.0
4,01063,Greene,2.0449159361865132,0.2962968697069783
4,01013,Butler,2.4827138740398613,0.4669720981452561
4,01081,Lee,1.8615881469744753,0.369721538264577
4,01097,Mobile,1.327098062622028,0.21549041174338615
4,01057,Fayette,1.3538482373739098,0.016466508028960613
4,01017,Chambers,1.1372547971297382,0.30928285846493736
4,01125,Tuscaloosa,1.7289110653675481,0.05278422899838895
4,01131,Wilcox,2.4224469758057237,0.7212059993871907
4,01095,Marshall,0.3139160446775922,0.0007704575532525517
4,01053,Escambia,1.7584921307508994,0.5889821516459829
4,01083,Limestone,0.6943264758408026,0.0
4,01009,Blount,0.4386505245007311,0.2445833786208017
4,01099,Monroe,1.964655321476065,0.472392787594767
4,01093,Marion,0.6854580089869798,0.013579845667243542
4,01085,Lowndes,2.529999707349715,0.4777624959096859
4,01037,Coosa,1.5448309655808112,0.0007473873553303002
4,01109,Pike,2.405532268692922,0.5748075981957265
4,01119,Sumter,2.185270417549037,0.4610138001304722
4,01133,Winston,0.46716099923826543,0.22410557943097711
4,01121,Talladega,1.381860320385834,0.04943405759346149
4,01071,Jackson,0.3312557170448291,0.0
4,01003,Baldwin,1.2054901015194068,0.16268688860461925
4,01011,Bullock,2.4894698220173987,0.6732826417195048
4,01001,Autauga,2.452386825238763,0.016833613778699782
4,01087,Macon,2.6633918033696795,0.33947611002002465
4,01115,St. Clair,0.6787039841091462,0.28036625326613185
4,01023,Choctaw,2.3881369303274713,0.39475749668322113
4,01043,Cullman,0.3350337166420094,0.1912344944101846
4,01117,Shelby,1.7752954600978341,0.04911365728268678
4,01047,Dallas,2.578331009198113,0.4149760405824186
4,01107,Pickens,2.3484109489153964,0.13044607015631646
4,01077,Lauderdale,1.0579845911772503,0.0
4,01029,Cleburne,0.45698354780128764,0.020119838577380283
4,01005,Barbour,3.3753346403785365,0.6428794202302631
4,01061,Geneva,3.386895878083867,0.32283944029590295
4,01045,Dale,3.8479092365413217,0.442124516381736
4,01123,Tallapoosa,1.214067541788279,0.0863343651614972
4,01025,Clarke,2.3759631036401236,0.45824135111957176
4,01069,Houston,3.8286692579863253,0.9485286352300488
4,01129,Washington,2.6820524222749804,0.41802353574852835
4,01089,Madison,0.5300550258046257,0.0
4,01041,Crenshaw,2.3239666827794565,0.49987216019511815
4,01015,Calhoun,0.8614530916633881,0.04498537553014229
4,01079,Lawrence,0.8353840471887706,0.0
4,01103,Morgan,0.7617079933941289,0.0
4,01075,Lamar,2.3034792463462406,0.012104476947642438
4,01113,Russell,3.356112327656572,0.6786782300030744
4,01059,Franklin,0.4829607413294602,0.0
4,01035,Conecuh,2.086976441681717,0.6260289812542555
4,01051,Elmore,2.5225950699782635,0.0011788741343438961
4,01073,Jefferson,1.4711549707579707,0.24179250159866655
4,01127,Walker,1.1670878416232835,0.17042452080305232
4,01111,Randolph,0.6358579380505687,0.02680364047636557
4,01101,Montgomery,3.3167846270689223,0.2899802740366181
4,01007,Bibb,1.8176635063861595,0.00019791675926610284
4,01055,Etowah,0.7902390136161487,0.059167334807412486
4,01021,Chilton,1.4820884012555549,0.0
4,01031,Coffee,2.8092584933279428,0.3954821630775622
4,01039,Covington,2.783689494387093,0.5229728627956864
4,01067,Henry,3.941992158445936,0.8050265019991583
5,01027,Clay,3.4634971852570318,3.746399229438744
5,01091,Marengo,5.259634235185061,4.766258589500777
5,01049,DeKalb,3.1766533983979737,2.188201803197468
5,01019,Cherokee,4.328333493313943,2.9675439752684047
5,01065,Hale,5.25498182831043,4.2632659040178575
5,01105,Perry,5.143073599025281,3.7180688425805615
5,01033,Colbert,5.175102345140256,1.7649767498637354
5,01063,Greene,5.249269394141365,4.423090807079946
5,01013,Butler,4.6599101471512165,5.059132043233547
5,01081,Lee,3.824167591462503,5.265858422256097
5,01097,Mobile,5.881780262955826,5.058395357982111
5,01057,Fayette,4.370339704797899,3.2836020686487704
5,01017,Chambers,4.136977197499797,5.04239888329524
5,01125,Tuscaloosa,5.142835434405421,4.035888120144774
5,01131,Wilcox,4.988775946820622,5.107758182807257
5,01095,Marshall,4.056903467599011,2.1887731713198892
5,01053,Escambia,5.094171674260316,6.255201324511563
5,01083,Limestone,4.632610309294972,1.8472235358656175
5,01009,Blount,3.969778033648209,2.9598022941259132
5,01099,Monroe,5.230174438743069,5.998634834966716
5,01093,Marion,4.2612334918436625,2.421475474931147
5,01085,Lowndes,4.230096319512123,4.303960446662304
5,01037,Coosa,4.511367530813786,4.036926752295198
5,01109,Pike,4.240791208657477,4.286292178251832
5,01119,Sumter,5.323490756727189,4.697896610255371
5,01133,Winston,3.7194593344962863,2.417321894157446
5,01121,Talladega,4.696346490872702,3.474797284985423
5,01071,Jackson,3.4152325254793903,1.7004366171071192
5,01003,Baldwin,5.331599805064748,4.786655737231338
5,01011,Bullock,3.8081482189133373,4.621256215560839
5,01001,Autauga,4.497403386302531,3.9051973614020796
5,01087,Macon,3.727594774685901,5.264553970271103
5,01115,St. Clair,4.321619254606673,3.2079160549496644
5,01023,Choctaw,5.647043687933869,5.465228432103207
5,01043,Cullman,3.8889629252093743,2.6759309265284505
5,01117,Shelby,5.221432037296393,3.6912102640086206
5,01047,Dallas,4.778977980725384,3.970654703468017
5,01107,Pickens,5.227068347057474,4.432502126754573
5,01077,Lauderdale,4.861189402547747,1.6470834490006345
5,01029,Cleburne,3.3573603811000283,3.25976019610448
5,01005,Barbour,4.2721172583300735,4.89058552631579
5,01061,Geneva,4.268031965700047,5.073516865900066
5,01045,Dale,4.627025819797296,5.071316707345669
5,01123,Tallapoosa,4.170137796389918,4.81161380597015
5,01025,Clarke,5.723065570757681,5.749737305865501
5,01069,Houston,4.2555699322538,4.759037497455211
5,01129,Washington,5.9907832140614925,6.21579139537995
5,01089,Madison,4.071901200820153,1.9530303735527204
5,01041,Crenshaw,4.126668928956152,4.535520335335043
5,01015,Calhoun,4.147433948057284,3.3463977841164567
5,01079,Lawrence,4.072532146714266,1.8932775753060567
5,01103,Morgan,4.094686946150527,2.3144891605166054
5,01075,Lamar,4.73048784178187,3.6164344806529156
5,01113,Russell,4.0807165404178205,5.457625777633102
5,01059,Franklin,4.299053238329851,1.7405645917484132
5,01035,Conecuh,5.032784563713225,6.1594505362006355
5,01051,Elmore,4.27598104380788,4.514240157132768
5,01073,Jefferson,4.589112987504685,3.604558689407917
5,01127,Walker,4.298606961504763,3.241461437136628
5,01111,Randolph,4.039477528141203,4.142787210334237
5,01101,Montgomery,4.139485688340325,4.526542775188768
5,01007,Bibb,5.329833372691185,3.9473941969628963
5,01055,Etowah,4.2273980955117105,3.0234476046186582
5,01021,Chilton,4.84358817477008,3.8021305320831065
5,01031,Coffee,4.433120564192296,5.07429133612064
5,01039,Covington,4.298149605253889,5.52644002203154
5,01067,Henry,4.466375750984612,5.224562355324074
6,01027,Clay,6.09256366892221,7.12387403801306
6,01091,Marengo,3.9943431416235198,4.5878234721008155
6,01049,DeKalb,6.04652881975746,6.884785498254851
6,01019,Cherokee,4.912969069661458,5.742694353911043
6,01065,Hale,4.29095688042742,4.856259486607143
6,01105,Perry,4.198713765524675,4.795977110674376
6,01033,Colbert,4.61191458534054,4.74515749909157
6,01063,Greene,4.113462505527905,5.384021426151762
6,01013,Butler,3.9368660262628112,5.0943945988990595
6,01081,Lee,4.979891893266707,4.818543075933689
6,01097,Mobile,4.2827943802680055,6.344549490221346
6,01057,Fayette,5.352472100260091,5.063235204521596
6,01017,Chambers,5.086250595932896,5.330127999881778
6,01125,Tuscaloosa,4.662395397285647,4.929801156426554
6,01131,Wilcox,3.692773461175873,4.167743452443372
6,01095,Marshall,5.73891697348411,6.297812317996505
6,01053,Escambia,4.538606762350916,6.4984759706439394
6,01083,Limestone,4.554233839001938,5.3516517620687045
6,01009,Blount,5.884830265957477,6.16797698408516
6,01099,Monroe,4.170481678239167,5.263039854151257
6,01093,Marion,5.361863661702658,5.120172935184026
6,01085,Lowndes,3.915130978620711,4.810062172774869
6,01037,Coosa,5.761124460065471,5.741475768008475
6,01109,Pike,3.8892555151150323,5.011083488937429
6,01119,Sumter,3.9206350153658858,5.357465418524524
6,01133,Winston,5.385422921689905,5.245865379223983
6,01121,Talladega,5.1426126420829945,6.289417441083576
6,01071,Jackson,5.628709590221558,6.434970596166611
6,01003,Baldwin,5.004339250889336,6.949939605240352
6,01011,Bullock,3.767912362924493,4.615771602317331
6,01001,Autauga,4.760790695078331,5.244614660924891
6,01087,Macon,4.0137917999945465,4.692550687384474
6,01115,St. Clair,5.531366406629726,6.175919432501399
6,01023,Choctaw,3.968575542019179,5.274614836040296
6,01043,Cullman,5.478268901205441,5.756706832627119
6,01117,Shelby,4.889373381090086,5.613306393678161
6,01047,Dallas,3.9570395727059378,4.190615611397615
6,01107,Pickens,4.148040529735819,5.285697907805189
6,01077,Lauderdale,4.409188006556647,4.872699873096447
6,01029,Cleburne,6.018152770979913,6.787753816832898
6,01005,Barbour,3.532389647268027,4.355067023026316
6,01061,Geneva,4.374982795744295,6.804191786275645
6,01045,Dale,3.641345719827729,5.374058076824693
6,01123,Tallapoosa,5.501710591504398,5.03691794931592
6,01025,Clarke,3.9526181226395036,5.032119953445416
6,01069,Houston,3.7317799533133504,6.081309166327362
6,01129,Washington,3.642279957180923,5.245671141968427
6,01089,Madison,5.313639926059022,6.165441279788669
6,01041,Crenshaw,3.750206964253596,5.347224449043844
6,01015,Calhoun,5.496113976334305,6.675599754571343
6,01079,Lawrence,4.667270320544587,5.074891269329897
6,01103,Morgan,5.259964397971074,5.809235182195572
6,01075,Lamar,4.7273135169170954,5.291213724216812
6,01113,Russell,3.984747247612374,4.161849127875434
6,01059,Franklin,5.066461041852001,5.295525957515869
6,01035,Conecuh,4.093413098179796,6.010459813322742
6,01051,Elmore,5.040568069387525,5.572607697740113
6,01073,Jefferson,5.269267453979378,5.5733224484233475
6,01127,Walker,5.666556817540867,4.860131268168605
6,01111,Randolph,5.858409988542697,6.490169561662412
6,01101,Montgomery,3.17786382273362,5.766193701333176
6,01007,Bibb,4.51507319053585,5.020919242781269
6,01055,Etowah,5.596699434205818,6.304875250333779
6,01021,Chilton,5.241786860848179,5.287195979835419
6,01031,Coffee,4.156787822464986,5.578518081761007
6,01039,Covington,3.6437532919769167,6.4665961270871986
6,01067,Henry,3.3542308978531143,4.687554253472222
7,01027,Clay,4.120952760815871,2.53887256223764
7,01091,Marengo,2.4769189568387837,2.26589266310946
7,01049,DeKalb,4.7355556668157535,4.871746332229058
7,01019,Cherokee,3.464758735420967,3.2744838597584356
7,01065,Hale,2.987542216215093,2.5608351004464285
7,01105,Perry,2.550618956629444,2.3303826663201663
7,01033,Colbert,3.4332034400623432,4.5411720453306685
7,01063,Greene,3.0084441961986,2.522143091548103
7,01013,Butler,1.4249041928962385,2.241351309299233
7,01081,Lee,2.1547318236248922,1.987877227038872
7,01097,Mobile,2.3824167748648497,3.1351067408277746
7,01057,Fayette,3.500899301097387,3.806003838294841
7,01017,Chambers,2.758874458694375,2.022495418899748
7,01125,Tuscaloosa,3.083209510482112,2.9382114561264125
7,01131,Wilcox,1.866176607518701,2.1346929153339973
7,01095,Marshall,4.618361956847133,4.735208803509027
7,01053,Escambia,1.9203348510218146,2.3288932447418262
7,01083,Limestone,3.7661825306636354,4.869591073320218
7,01009,Blount,4.679617685001965,4.127932981134064
7,01099,Monroe,1.5731640534830174,2.014866755558894
7,01093,Marion,3.5916807600036917,4.4688810559589385
7,01085,Lowndes,1.4059413786434034,2.145561497873037
7,01037,Coosa,3.3111224138751147,2.2944235246733755
7,01109,Pike,1.8687208057219424,2.2582526137084273
7,01119,Sumter,2.9351565775927675,2.575224209566275
7,01133,Winston,3.7541201534318476,4.36350553229665
7,01121,Talladega,3.089410675788627,3.2771809895833335
7,01071,Jackson,4.740134621219754,4.8407052512031195
7,01003,Baldwin,2.5328082555872706,3.2439343439449964
7,01011,Bullock,1.5093449812987043,1.9519529480865037
7,01001,Autauga,2.109399726240377,2.0950917883884235
7,01087,Macon,1.3871453303173187,1.917896846599661
7,01115,St. Clair,3.908864274185169,3.714065176261885
7,01023,Choctaw,2.2605906596270056,2.376509616249486
7,01043,Cullman,4.172124251028649,4.46192446655569
7,01117,Shelby,3.0563601333417854,3.2066565642959772
7,01047,Dallas,2.017792987139099,2.0305942763531415
7,01107,Pickens,2.7518879710919903,2.9551952626541897
7,01077,Lauderdale,3.373737733352418,4.648320510786802
7,01029,Cleburne,4.363592376673302,2.9249075171680836
7,01005,Barbour,1.7926858916173318,2.6431073190789474
7,01061,Geneva,1.7515421317143816,3.9132151979235608
7,01045,Dale,1.938264606175664,3.063125506267053
7,01123,Tallapoosa,2.8780102523413174,1.8262085568252489
7,01025,Clarke,2.0764620867344137,2.200616594965697
7,01069,Houston,1.4052105338901923,3.479347452666938
7,01129,Washington,1.8581027987376177,2.232371008740635
7,01089,Madison,4.221790649324536,5.265466923336331
7,01041,Crenshaw,1.5528730720256414,2.471968313947839
7,01015,Calhoun,3.8783732544951097,3.4846185551558753
7,01079,Lawrence,3.689206903768082,4.973155102287371
7,01103,Morgan,3.8718814751633905,4.819486085485855
7,01075,Lamar,3.0207226022687554,3.960055443548387
7,01113,Russell,1.1671063259887635,2.348383585611979
7,01059,Franklin,3.744930262987437,5.1922729280871325
7,01035,Conecuh,1.2580498759078014,2.165806171626759
7,01051,Elmore,2.164979236732787,1.8386898062323447
7,01073,Jefferson,3.3996963651912773,3.4540271982975512
7,01127,Walker,3.5723037080888784,3.357151844113372
7,01111,Randolph,3.7774956391436407,2.2538800753828974
7,01101,Montgomery,1.221541044908552,2.1585570655379898
7,01007,Bibb,2.596179124444284,2.827550517093058
7,01055,Etowah,4.200123188042715,3.9914299795560746
7,01021,Chilton,2.7857313392059595,2.5976023212221167
7,01031,Coffee,2.123019652930883,3.1829279119318183
7,01039,Covington,1.1984653139176074,3.053630493390538
7,01067,Henry,1.6125770885036774,2.950580676557239
8,01027,Clay,5.40032374651411,2.879885545417444
8,01091,Marengo,2.4324133332325433,2.170627170138889
8,01049,DeKalb,5.381710209475971,3.127580981202674
8,01019,Cherokee,4.262010600363952,2.5445462279524538
8,01065,Hale,2.6465288383385204,2.40923828125
8,01105,Perry,2.574035617836568,2.7298099256107067
8,01033,Colbert,3.493430069814153,2.8709546466206395
8,01063,Greene,2.4887988421204637,2.061304835704607
8,01013,Butler,3.2823580675500024,2.952520265725507
8,01081,Lee,4.071295974561572,2.38694755740282
8,01097,Mobile,2.3184157863531913,3.0566820800485144
8,01057,Fayette,2.9538056794019654,2.0007432595512147
8,01017,Chambers,4.326504336403999,2.5057533139088113
8,01125,Tuscaloosa,3.1107705223611983,2.1051459878177967
8,01131,Wilcox,2.6399098802933576,2.2956426223652473
8,01095,Marshall,4.928606845513708,2.6858704999635994
8,01053,Escambia,2.3602356099751898,2.4956179288775915
8,01083,Limestone,3.8097691589571143,3.117076365768765
8,01009,Blount,5.030452602320967,2.3306646663329116
8,01099,Monroe,2.520726365083165,2.427882267878606
8,01093,Marion,3.326339560589975,2.6811633465823737
8,01085,Lowndes,3.228339813838977,2.8582345692899214
8,01037,Coosa,4.1209408685071764,2.912319308350989
8,01109,Pike,3.345808253803887,2.289677117830468
8,01119,Sumter,2.5531244835992974,2.0890433408492095
8,01133,Winston,4.550438225204871,2.1056486430921053
8,01121,Talladega,4.209052234394655,2.6611062393707483
8,01071,Jackson,5.021768907457658,3.421052716872718
8,01003,Baldwin,3.1052276671350074,3.2497600910706033
8,01011,Bullock,3.7836694549155743,2.092050156155646
8,01001,Autauga,3.018526489174139,2.9048369849860336
8,01087,Macon,3.9119633483126233,2.204389627377927
8,01115,St. Clair,4.328737595307498,2.3034607889401566
8,01023,Choctaw,2.2866823491112775,2.2192683972810445
8,01043,Cullman,4.461702065738543,2.4162527901785715
8,01117,Shelby,3.6732040776943657,2.5863896372126436
8,01047,Dallas,2.6912980420502612,2.4956039902299394
8,01107,Pickens,2.4511573653074676,1.934998155705019
8,01077,Lauderdale,3.75027025724262,2.6788363539022844
8,01029,Cleburne,5.526427579922141,3.0758068616129823
8,01005,Barbour,3.821058306600663,1.8756266447368422
8,01061,Geneva,2.093568014823548,2.8694056088682993
8,01045,Dale,2.4707066555482773,2.003258428014154
8,01123,Tallapoosa,4.485111227235119,2.5540162954757464
8,01025,Clarke,2.355000384311058,2.103446564714641
8,01069,Houston,2.3279768688317275,2.92262825732899
8,01129,Washington,2.118189958421202,2.2151715934935785
8,01089,Madison,4.5650670398859905,3.4310695730524956
8,01041,Crenshaw,3.2008600518908894,2.656445555425995
8,01015,Calhoun,4.732702232201489,2.6475212408198443
8,01079,Lawrence,4.108832482538333,2.866390645135309
8,01103,Morgan,4.1103149157258745,2.7178226860393604
8,01075,Lamar,2.309088406665068,2.2135203624185795
8,01113,Russell,3.447967563113315,1.8980575844093606
8,01059,Franklin,4.106291164914018,3.3512294657025388
8,01035,Conecuh,2.5038687698589435,2.713167679726509
8,01051,Elmore,3.525231519130477,2.7457376081391245
8,01073,Jefferson,3.735517123400058,2.1709777156365315
8,01127,Walker,3.4581538766024864,1.9303549691133721
8,01111,Randolph,5.444588237238539,2.905092708000957
8,01101,Montgomery,3.3692416761517863,2.890149853262152
8,01007,Bibb,3.1879949405675316,2.97545765774611
8,01055,Etowah,4.533022677794173,2.487017846712283
8,01021,Chilton,3.4742102852636516,3.1074943999081883
8,01031,Coffee,2.5029732893822447,2.434224690894797
8,01039,Covington,2.1496541035804038,2.8294019596474955
8,01067,Henry,3.1783297595426214,2.140003222327441
9,01027,Clay,8.01397555740477,6.477531774720149
9,01091,Marengo,6.131140263579452,4.698226632308663
9,01049,DeKalb,8.24240798437689,8.647017717699953
9,01019,Cherokee,7.48108454248201,6.369032783742331
9,01065,Hale,6.677500104521835,5.2373303571428576
9,01105,Perry,6.082282257094416,4.8958027100116945
9,01033,Colbert,7.211060150675227,8.466868413880814
9,01063,Greene,6.544338379550042,5.6371898289295395
9,01013,Butler,5.885518558548026,4.218374064510144
9,01081,Lee,6.176228548863035,5.5250404916158535
9,01097,Mobile,5.475638141558954,6.198389056814737
9,01057,Fayette,6.4137856817874015,6.367922704521596
9,01017,Chambers,6.663652692867504,5.732388625078815
9,01125,Tuscaloosa,6.535326628364801,5.7887325653248585
9,01131,Wilcox,5.491592677636427,4.078656702233641
9,01095,Marshall,8.775310009270248,8.126468540695981
9,01053,Escambia,5.685500907696592,5.280876196172249
9,01083,Limestone,7.729465662337929,8.927026189845641
9,01009,Blount,8.598744212561675,7.525160070615514
9,01099,Monroe,5.741831059618981,4.647932966785318
9,01093,Marion,6.8180966641300556,8.231300075112669
9,01085,Lowndes,5.897374913748084,4.084500010225785
9,01037,Coosa,6.9958160821810695,5.5415805967514125
9,01109,Pike,5.796220860832447,4.729627607102593
9,01119,Sumter,6.49524705323983,5.539264383613701
9,01133,Winston,7.798388579290986,7.612232263008373
9,01121,Talladega,6.769336395667071,5.45056875987002
9,01071,Jackson,7.840243112231423,8.462696803435115
9,01003,Baldwin,5.613401325357493,6.265491391264155
9,01011,Bullock,6.0606582749079925,4.833408226713466
9,01001,Autauga,5.816106240234389,4.6035862454414955
9,01087,Macon,5.693786717604634,4.908332490950401
9,01115,St. Clair,7.710104255982439,6.355496058794743
9,01023,Choctaw,5.996264893795499,5.334267867238898
9,01043,Cullman,8.174975889793975,7.588922518159806
9,01117,Shelby,6.630574615557573,5.2658970905172415
9,01047,Dallas,5.67445107681381,4.173263699966881
9,01107,Pickens,5.939459647083758,5.941088898341132
9,01077,Lauderdale,7.135562530656827,8.352185120558376
9,01029,Cleburne,8.120721170620019,6.979368280943427
9,01005,Barbour,6.1154737604249565,4.970175986842105
9,01061,Geneva,5.4391888788198175,6.657184552862343
9,01045,Dale,5.575489901673232,5.419864586886084
9,01123,Tallapoosa,6.625808945172677,5.237217234141791
9,01025,Clarke,6.111801910497891,4.950894455857961
9,01069,Houston,5.497302174438003,6.699199664087948
9,01129,Washington,5.509858659239123,5.433226537415269
9,01089,Madison,8.20474984161625,9.23160953658948
9,01041,Crenshaw,5.774535884083692,4.379352626515858
9,01015,Calhoun,7.524138673586151,6.442296163069544
9,01079,Lawrence,7.648363184386486,9.034432385631444
9,01103,Morgan,7.957674304795368,8.325983289129766
9,01075,Lamar,5.79463190883515,7.053235984026054
9,01113,Russell,5.796074192416159,5.32140717683015
9,01059,Franklin,7.481422725790389,9.56043980813618
9,01035,Conecuh,5.411953803554326,4.728058595523151
9,01051,Elmore,6.339178729178328,4.594271936793786
9,01073,Jefferson,7.429377600307714,5.764281858017444
9,01127,Walker,7.151486253876794,5.969218295784883
9,01111,Randolph,7.9468437491101,6.15798500319081
9,01101,Montgomery,6.095304822419704,4.32073003922841
9,01007,Bibb,6.337454075446675,5.471707739564632
9,01055,Etowah,8.190924724611918,7.333555417640187
9,01021,Chilton,6.313333387374868,5.155241558419478
9,01031,Coffee,5.63250122661236,5.2441903185749
9,01039,Covington,5.041955708346585,5.132135972286642
9,01067,Henry,5.869901856038064,5.6518571127946124
10,01027,Clay,1.9419614533878906,3.7302154996501864
10,01091,Marengo,3.9511040130204345,4.99244624732906
10,01049,DeKalb,1.7820657988529138,2.2993506067350924
10,01019,Cherokee,2.682541033633402,3.567615270322086
10,01065,Hale,4.122246099935323,5.012044642857143
10,01105,Perry,4.000007119472418,4.734574474564709
10,01033,Colbert,2.93495250080905,3.7278388444767443
10,01063,Greene,4.2925381915933905,5.488761856368564
10,01013,Butler,4.462213515096322,4.737857960168234
10,01081,Lee,2.634949012754486,4.946738936261433
10,01097,Mobile,3.345053580919397,5.0543570440418435
10,01057,Fayette,3.107188553200451,5.18441331264997
10,01017,Chambers,2.7142593903201178,4.521376928495429
10,01125,Tuscaloosa,3.590450811261081,5.0273696813206215
10,01131,Wilcox,4.0147676219531,4.618373794043624
10,01095,Marshall,2.2041149383501253,2.9698442960104834
10,01053,Escambia,3.2143094425139553,6.1874548320374805
10,01083,Limestone,2.446372430094074,3.2738820369249395
10,01009,Blount,2.4691720991710695,4.306464141108067
10,01099,Monroe,3.6340707212736,5.354450293546598
10,01093,Marion,2.9611439905605894,4.81958288995994
10,01085,Lowndes,4.288284675560759,4.581003558573299
10,01037,Coosa,3.3818023664163186,4.974273923022599
10,01109,Pike,3.9258775352235933,4.819422914317926
10,01119,Sumter,4.331795295569686,5.626426644203486
10,01133,Winston,2.5700172460251323,4.188289660586125
10,01121,Talladega,3.2189945054663083,4.86268098199101
10,01071,Jackson,1.8138025674081513,2.4834757392445237
10,01003,Baldwin,3.076825804139478,4.876933715622833
10,01011,Bullock,3.628043899440949,4.799023909269324
10,01001,Autauga,3.8155495167606865,4.879367556059901
10,01087,Macon,3.1501869040535437,5.010324606246149
10,01115,St. Clair,2.758927118084582,4.606048788800336
10,01023,Choctaw,4.0089164561828055,5.827070537366365
10,01043,Cullman,2.396574777124323,4.043142781476997
10,01117,Shelby,3.34531468836844,5.009942528735632
10,01047,Dallas,4.004522127451861,4.505196628382854
10,01107,Pickens,4.007954735076592,5.41346808871225
10,01077,Lauderdale,2.7343021676415904,3.2210221188927664
10,01029,Cleburne,1.9168976651929706,3.183529880640942
10,01005,Barbour,4.31476741153521,4.814146792763158
10,01061,Geneva,4.348138370066922,5.883139528871609
10,01045,Dale,4.600186020575154,5.105155663796044
10,01123,Tallapoosa,2.982997937325513,4.759807408271144
10,01025,Clarke,3.5506505059298212,5.4690503901538
10,01069,Houston,4.354941375372668,5.690503486359935
10,01129,Washington,3.424579750969488,6.390017392079915
10,01089,Madison,2.1015191878637074,3.279678893603867
10,01041,Crenshaw,4.274491441174796,4.956781643540112
10,01015,Calhoun,2.5224835589625596,4.288783816696642
10,01079,Lawrence,2.6272460036521452,3.8238578245811854
10,01103,Morgan,2.4537037237906123,3.7030913668511687
10,01075,Lamar,3.247055312792668,5.536931267447271
10,01113,Russell,3.5944052695684943,4.998956750940393
10,01059,Franklin,2.775808075702359,4.070883335437103
10,01035,Conecuh,3.4186584627114978,5.369388866034952
10,01051,Elmore,3.8602640817248086,5.0651096839689265
10,01073,Jefferson,2.818308982059847,4.990680560214693
10,01127,Walker,2.827455926457215,5.141919513081396
10,01111,Randolph,1.9678229719954743,3.630340868299298
10,01101,Montgomery,4.793610616249336,5.015813030910807
10,01007,Bibb,3.75794977922122,4.9832710343731295
10,01055,Etowah,2.630061204360972,4.083902234228972
10,01021,Chilton,3.3232410891017437,4.9677192430631125
10,01031,Coffee,4.444053901680693,5.5573843535591765
10,01039,Covington,3.545919455226664,5.904564297309833
10,01067,Henry,4.495115235348513,5.0728551793981485
11,01027,Clay,0.04520547945205479,0.3336402551451726
11,01091,Marengo,0.3647577092511013,0.944754504935169
11,01049,DeKalb,0.0,0.14012148162509613
11,01019,Cherokee,0.022147651006711407,0.4667821966065951
11,01065,Hale,0.3,0.8297176339285715
11,01105,Perry,0.304320987654321,0.816090034595894
11,01033,Colbert,0.007947019867549669,0.32898843454760174
11,01063,Greene,0.37261718663344645,0.8656711816141599
11,01013,Butler,0.4183171551063977,1.1313306231831395
11,01081,Lee,0.10519480519480519,0.7803515922732469
11,01097,Mobile,0.2902195554666844,0.5127244790877047
11,01057,Fayette,0.1907284768211921,0.8002821310737852
11,01017,Chambers,0.03529411764705882,0.6844122214395492
11,01125,Tuscaloosa,0.27418253058752595,0.8513439458642302
11,01131,Wilcox,0.4117924528301886,1.0528816376756502
11,01095,Marshall,0.05562913907284767,0.33544537961378856
11,01053,Escambia,0.4506063328473206,1.411993924130283
11,01083,Limestone,0.15531914893617021,0.3493368596776634
11,01009,Blount,0.2119760479041916,0.5081517099999122
11,01099,Monroe,0.4955864332497428,1.2263848118528107
11,01093,Marion,0.11538461538461539,0.5482821400068854
11,01085,Lowndes,0.3235632183908046,1.0708088340559554
11,01037,Coosa,0.3,0.6854357013594633
11,01109,Pike,0.3140243902439024,1.1209244754967587
11,01119,Sumter,0.44277505514379256,0.8870449305837049
11,01133,Winston,0.01970802919708029,0.44851027493271534
11,01121,Talladega,0.26432432432432434,0.617526010822856
11,01071,Jackson,0.004651162790697674,0.16583187129859153
11,01003,Baldwin,0.2000938624569305,0.5518483707859082
11,01011,Bullock,0.31075949367088607,1.0318065403740186
11,01001,Autauga,0.30387096774193545,0.903014416875194
11,01087,Macon,0.2689655172413793,1.108806241094809
11,01115,St. Clair,0.27454545454545454,0.5767293157726859
11,01023,Choctaw,0.32021600609378925,1.0988337868138363
11,01043,Cullman,0.09166666666666666,0.5004950793545703
11,01117,Shelby,0.29690721649484536,0.7554864291487069
11,01047,Dallas,0.308713692946058,0.8987768203538986
11,01107,Pickens,0.3673968402180554,0.8649202425497129
11,01077,Lauderdale,0.014516129032258065,0.30301910245479063
11,01029,Cleburne,0.0,0.22866280395427976
11,01005,Barbour,0.4366697555121664,0.9657309827302631
11,01061,Geneva,0.6188324517440573,1.2930653721666114
11,01045,Dale,0.4649948258876528,1.2458810845306105
11,01123,Tallapoosa,0.2228571428571428,0.7543408446050995
11,01025,Clarke,0.46151408314833525,1.2212781365444059
11,01069,Houston,0.68842112906619,1.1443086605506922
11,01129,Washington,0.4326602577515228,1.1901754433029343
11,01089,Madison,0.0979591836734694,0.36326250584005454
11,01041,Crenshaw,0.5077691068060513,1.1587250363174362
11,01015,Calhoun,0.11806451612903227,0.5099696243981378
11,01079,Lawrence,0.0312883435582822,0.45158474322446845
11,01103,Morgan,0.18461538461538463,0.48112106792454645
11,01075,Lamar,0.3032823532885785,0.8476118745638183
11,01113,Russell,0.3351776925895621,0.9633076985677084
11,01059,Franklin,0.0,0.37066058705324945
11,01035,Conecuh,0.6826682490155362,1.2427385064400818
11,01051,Elmore,0.34724095294399054,1.0255055228195622
11,01073,Jefferson,0.28648648648648645,0.753314776134267
11,01127,Walker,0.13076923076923078,0.7822808979832849
11,01111,Randolph,0.0,0.3588062473825383
11,01101,Montgomery,0.448663101604278,1.1153929108659746
11,01007,Bibb,0.3102564102564102,0.849640714415956
11,01055,Etowah,0.12608695652173912,0.5151794596571471
11,01021,Chilton,0.29999999999999993,0.7079554776761425
11,01031,Coffee,0.48294580206274923,1.2840498700150085
11,01039,Covington,0.8461556134373526,1.2850770741535251
11,01067,Henry,0.7198940761208074,1.0359836976536196
12,01027,Clay,0.0,0.0
12,01091,Marengo,0.0,0.0
12,01049,DeKalb,0.0,0.0
12,01019,Cherokee,0.0,0.0
12,01065,Hale,0.0,0.0
12,01105,Perry,0.0,0.0
12,01033,Colbert,0.0,0.0
12,01063,Greene,0.0,0.0
12,01013,Butler,0.0,0.0
12,01081,Lee,0.0,0.0
12,01097,Mobile,0.0,0.0
12,01057,Fayette,0.0,0.0
12,01017,Chambers,0.0,0.0
12,01125,Tuscaloosa,0.0,0.0
12,01131,Wilcox,0.0,0.0
12,01095,Marshall,0.0,0.0
12,01053,Escambia,0.0,0.0
12,01083,Limestone,0.0,0.0
12,01009,Blount,0.0,0.0
12,01099,Monroe,0.0,0.0
12,01093,Marion,0.0,0.0
12,01085,Lowndes,0.0,0.0
12,01037,Coosa,0.0,0.0
12,01109,Pike,0.0,0.0
12,01119,Sumter,0.0,0.0
12,01133,Winston,0.0,0.0
12,01121,Talladega,0.0,0.0
12,01071,Jackson,0.0,0.0
12,01003,Baldwin,0.0,0.0
12,01011,Bullock,0.0,0.0
12,01001,Autauga,0.0,0.0
12,01087,Macon,0.0,0.0
12,01115,St. Clair,0.0,0.0
12,01023,Choctaw,0.0,0.0
12,01043,Cullman,0.0,0.0
12,01117,Shelby,0.0,0.0
12,01047,Dallas,0.0,0.0
12,01107,Pickens,0.0,0.0
12,01077,Lauderdale,0.0,0.0
12,01029,Cleburne,0.0,0.0
12,01005,Barbour,0.0,0.0
12,01061,Geneva,0.0,0.0
12,01045,Dale,0.0,0.0
12,01123,Tallapoosa,0.0,0.0
12,01025,Clarke,0.0,0.0
12,01069,Houston,0.0,0.0
12,01129,Washington,0.0,0.0
12,01089,Madison,0.0,0.0
12,01041,Crenshaw,0.0,0.0
12,01015,Calhoun,0.0,0.0
12,01079,Lawrence,0.0,0.0
12,01103,Morgan,0.0,0.0
12,01075,Lamar,0.0,0.0
12,01113,Russell,0.0,0.0
12,01059,Franklin,0.0,0.0
12,01035,Conecuh,0.0,0.0
12,01051,Elmore,0.0,0.0
12,01073,Jefferson,0.0,0.0
12,01127,Walker,0.0,0.0
12,01111,Randolph,0.0,0.0
12,01101,Montgomery,0.0,0.0
12,01007,Bibb,0.0,0.0
12,01055,Etowah,0.0,0.0
12,01021,Chilton,0.0,0.0
12,01031,Coffee,0.0,0.0
12,01039,Covington,0.0,0.0
12,01067,Henry,0.0,0.0
